SKIP,LIBRARY_NAME,SAMPLE_NAME,BARCODE_1,BARCODE_2,,,
0,KLENOW_Lib1_Tn5_4HR_COCULTURE,KLENOW_Lib1_Tn5_4HR_COCULTURE_A1,AAGTGATTAGCAA,TAAGGCGA,,,
0,KLENOW_Lib1_Tn5_4HR_COCULTURE,KLENOW_Lib1_Tn5_4HR_COCULTURE_A2,AGAATCCCCCTAA,TAAGGCGA,,,
0,KLENOW_Lib1_Tn5_4HR_COCULTURE,KLENOW_Lib1_Tn5_4HR_COCULTURE_A3,ACCTGGGAAACTA,TAAGGCGA,,,
0,KLENOW_Lib1_Tn5_4HR_COCULTURE,KLENOW_Lib1_Tn5_4HR_COCULTURE_A4,ATACCTCCCAGGA,TAAGGCGA,,,
0,KLENOW_Lib1_Tn5_4HR_COCULTURE,KLENOW_Lib1_Tn5_4HR_COCULTURE_A5,AATTTGTGGTATA,TAAGGCGA,,,
0,KLENOW_Lib1_Tn5_4HR_COCULTURE,KLENOW_Lib1_Tn5_4HR_COCULTURE_A6,ACCCGAGAGATCA,TAAGGCGA,,,
0,KLENOW_Lib1_Tn5_4HR_CEFOZOLIN,KLENOW_Lib1_Tn5_4HR_CEFOZOLIN_A7,AGAGTATAGGGTA,TAAGGCGA,,,
0,KLENOW_Lib1_Tn5_4HR_CEFOZOLIN,KLENOW_Lib1_Tn5_4HR_CEFOZOLIN_A8,ATCTTAATTGAGA,TAAGGCGA,,,
0,KLENOW_Lib1_Tn5_4HR_CEFOZOLIN,KLENOW_Lib1_Tn5_4HR_CEFOZOLIN_A9,AACGTTCTGTCGA,TAAGGCGA,,,
0,KLENOW_Lib1_Tn5_4HR_CEFOZOLIN,KLENOW_Lib1_Tn5_4HR_CEFOZOLIN_A10,ACATAATGGCGAA,TAAGGCGA,,,
0,KLENOW_Lib1_Tn5_4HR_CEFOZOLIN,KLENOW_Lib1_Tn5_4HR_CEFOZOLIN_A11,AGGCCGGAACATA,TAAGGCGA,,,
0,KLENOW_Lib1_Tn5_4HR_CEFOZOLIN,KLENOW_Lib1_Tn5_4HR_CEFOZOLIN_A12,ATCACTTCAAGAA,TAAGGCGA,,,
0,KLENOW_Lib1_Tn5_4HR_CIPRO,KLENOW_Lib1_Tn5_4HR_CIPRO_B1,AAGCTGGCCTTCA,TAAGGCGA,,,
0,KLENOW_Lib1_Tn5_4HR_CIPRO,KLENOW_Lib1_Tn5_4HR_CIPRO_B2,ACTGCACATTGGA,TAAGGCGA,,,
0,KLENOW_Lib1_Tn5_4HR_CIPRO,KLENOW_Lib1_Tn5_4HR_CIPRO_B3,AGGTCCTTCGATA,TAAGGCGA,,,
0,KLENOW_Lib1_Tn5_4HR_CIPRO,KLENOW_Lib1_Tn5_4HR_CIPRO_B4,ATTCGCACCCGAA,TAAGGCGA,,,
0,KLENOW_Lib1_Tn5_4HR_CIPRO,KLENOW_Lib1_Tn5_4HR_CIPRO_B5,ACCGTAAATTACA,TAAGGCGA,,,
0,KLENOW_Lib1_Tn5_4HR_CIPRO,KLENOW_Lib1_Tn5_4HR_CIPRO_B6,AGTAGTCGATATA,TAAGGCGA,,,
0,KLENOW_Lib1_Tn5_2HR_CEFOZOLIN,KLENOW_Lib1_Tn5_2HR_CEFOZOLIN_B7,ATGTAAGAATCAA,TAAGGCGA,,,
0,KLENOW_Lib1_Tn5_2HR_CEFOZOLIN,KLENOW_Lib1_Tn5_2HR_CEFOZOLIN_B8,AAGGCCCGCCGTA,TAAGGCGA,,,
0,KLENOW_Lib1_Tn5_2HR_CEFOZOLIN,KLENOW_Lib1_Tn5_2HR_CEFOZOLIN_B9,ACTCCACGCAAGA,TAAGGCGA,,,
0,KLENOW_Lib1_Tn5_2HR_CEFOZOLIN,KLENOW_Lib1_Tn5_2HR_CEFOZOLIN_B10,AGTCTTTGATTAA,TAAGGCGA,,,
0,KLENOW_Lib1_Tn5_2HR_CEFOZOLIN,KLENOW_Lib1_Tn5_2HR_CEFOZOLIN_B11,ATAGAGCCCGCCA,TAAGGCGA,,,
0,KLENOW_Lib1_Tn5_2HR_CEFOZOLIN,KLENOW_Lib1_Tn5_2HR_CEFOZOLIN_B12,AAGAAATGGAGGA,TAAGGCGA,,,
0,KLENOW_Lib1_Tn5_2HR_CIPRO,KLENOW_Lib1_Tn5_2HR_CIPRO_C1,TCAGCGCTGGTTA,TAAGGCGA,,,
0,KLENOW_Lib1_Tn5_2HR_CIPRO,KLENOW_Lib1_Tn5_2HR_CIPRO_C2,TGTTGACGAATAA,TAAGGCGA,,,
0,KLENOW_Lib1_Tn5_2HR_CIPRO,KLENOW_Lib1_Tn5_2HR_CIPRO_C3,TTGCATCAGCGCA,TAAGGCGA,,,
0,KLENOW_Lib1_Tn5_2HR_CIPRO,KLENOW_Lib1_Tn5_2HR_CIPRO_C4,TAGCCATATGAGA,TAAGGCGA,,,
0,KLENOW_Lib1_Tn5_2HR_CIPRO,KLENOW_Lib1_Tn5_2HR_CIPRO_C5,TCCTGCCCCTGTA,TAAGGCGA,,,
0,KLENOW_Lib1_Tn5_2HR_CIPRO,KLENOW_Lib1_Tn5_2HR_CIPRO_C6,TGGTATAAAACCA,TAAGGCGA,,,
0,KLENOW_Lib1_Tn5_2HR_CIPRO,KLENOW_Lib1_Tn5_2HR_CIPRO_C7,TTAAAGTCATGCA,TAAGGCGA,,,
0,KLENOW_Lib1_Tn5_2HR_CIPRO,KLENOW_Lib1_Tn5_2HR_CIPRO_C8,TAGAACTCAGAAA,TAAGGCGA,,,
0,KLENOW_Lib1_Tn5_2HR_OSMOTIC,KLENOW_Lib1_Tn5_2HR_OSMOTIC_C9,TCAGCTTAATCGC,TAAGGCGA,,,
0,KLENOW_Lib1_Tn5_2HR_OSMOTIC,KLENOW_Lib1_Tn5_2HR_OSMOTIC_C10,TGGCTTAAGAGAC,TAAGGCGA,,,
0,KLENOW_Lib1_Tn5_2HR_OSMOTIC,KLENOW_Lib1_Tn5_2HR_OSMOTIC_C11,TTCACCTGTCGGC,TAAGGCGA,,,
0,KLENOW_Lib1_Tn5_2HR_OSMOTIC,KLENOW_Lib1_Tn5_2HR_OSMOTIC_C12,TATAGTGATACTC,TAAGGCGA,,,
0,KLENOW_Lib1_Tn5_2HR_OSMOTIC,KLENOW_Lib1_Tn5_2HR_OSMOTIC_D1,TCATCAGCGAACC,TAAGGCGA,,,
0,KLENOW_Lib1_Tn5_2HR_OSMOTIC,KLENOW_Lib1_Tn5_2HR_OSMOTIC_D2,TGCGCCATGGGAC,TAAGGCGA,,,
0,KLENOW_Lib1_Tn5_2HR_OSMOTIC,KLENOW_Lib1_Tn5_2HR_OSMOTIC_D3,TTGTTGAACTCCC,TAAGGCGA,,,
0,KLENOW_Lib1_Tn5_2HR_OSMOTIC,KLENOW_Lib1_Tn5_2HR_OSMOTIC_D4,TATATACGCAGTC,TAAGGCGA,,,
0,KLENOW_Lib1_Tn5_2HR_HEAT,KLENOW_Lib1_Tn5_2HR_HEAT_D5,TCGCACGACGTAC,TAAGGCGA,,,
0,KLENOW_Lib1_Tn5_2HR_HEAT,KLENOW_Lib1_Tn5_2HR_HEAT_D6,TGGGACAGAAGGC,TAAGGCGA,,,
0,KLENOW_Lib1_Tn5_2HR_HEAT,KLENOW_Lib1_Tn5_2HR_HEAT_D7,TTTAACAAGTATC,TAAGGCGA,,,
0,KLENOW_Lib1_Tn5_2HR_HEAT,KLENOW_Lib1_Tn5_2HR_HEAT_D8,TACTCCTGGGTAC,TAAGGCGA,,,
0,KLENOW_Lib1_Tn5_2HR_HEAT,KLENOW_Lib1_Tn5_2HR_HEAT_D9,TCAGAAAACCCCC,TAAGGCGA,,,
0,KLENOW_Lib1_Tn5_2HR_HEAT,KLENOW_Lib1_Tn5_2HR_HEAT_D10,TGCACGAGCAGTC,TAAGGCGA,,,
0,KLENOW_Lib1_Tn5_2HR_HEAT,KLENOW_Lib1_Tn5_2HR_HEAT_D11,TTATTATGCTTCC,TAAGGCGA,,,
0,KLENOW_Lib1_Tn5_2HR_HEAT,KLENOW_Lib1_Tn5_2HR_HEAT_D12,TAGCGACTGTATC,TAAGGCGA,,,
0,KLENOW_Lib1_Tn5_STATIONARY,KLENOW_Lib1_Tn5_STATIONARY_E1,CCCTTGCGACAGC,TAAGGCGA,,,
0,KLENOW_Lib1_Tn5_STATIONARY,KLENOW_Lib1_Tn5_STATIONARY_E2,CGTTAGATTGCAC,TAAGGCGA,,,
0,KLENOW_Lib1_Tn5_STATIONARY,KLENOW_Lib1_Tn5_STATIONARY_E3,CTAAATACCATCC,TAAGGCGA,,,
0,KLENOW_Lib1_Tn5_STATIONARY,KLENOW_Lib1_Tn5_STATIONARY_E4,CATATTTTTTAGC,TAAGGCGA,,,
0,KLENOW_Lib1_Tn5_STATIONARY,KLENOW_Lib1_Tn5_STATIONARY_E5,CCCCTAAACGCTC,TAAGGCGA,,,
0,KLENOW_Lib1_Tn5_STATIONARY,KLENOW_Lib1_Tn5_STATIONARY_E6,CGATTGTTAGGAC,TAAGGCGA,,,
0,KLENOW_Lib1_Tn5_STATIONARY,KLENOW_Lib1_Tn5_STATIONARY_E7,CTACCGAGTCTCC,TAAGGCGA,,,
0,KLENOW_Lib1_Tn5_STATIONARY,KLENOW_Lib1_Tn5_STATIONARY_E8,CAGAACAAATTGC,TAAGGCGA,,,
0,KLENOW_Lib1_Tn5_STATIONARY,KLENOW_Lib1_Tn5_STATIONARY_E9,CCTTGATCTCATC,TAAGGCGA,,,
0,KLENOW_Lib1_Tn5_STATIONARY,KLENOW_Lib1_Tn5_STATIONARY_E10,CGCCACGCGTTAC,TAAGGCGA,,,
0,KLENOW_Lib1_Tn5_STATIONARY,KLENOW_Lib1_Tn5_STATIONARY_E11,CTATAGATACGGC,TAAGGCGA,,,
0,KLENOW_Lib1_Tn5_STATIONARY,KLENOW_Lib1_Tn5_STATIONARY_E12,CATACCCAGCCAC,TAAGGCGA,,,
0,KLENOW_Lib1_Tn5_STATIONARY,KLENOW_Lib1_Tn5_STATIONARY_F1,CCCCGGATGTACC,TAAGGCGA,,,
0,KLENOW_Lib1_Tn5_STATIONARY,KLENOW_Lib1_Tn5_STATIONARY_F2,CGATCTCGGCTTC,TAAGGCGA,,,
0,KLENOW_Lib1_Tn5_STATIONARY,KLENOW_Lib1_Tn5_STATIONARY_F3,CTAGCCGCTTTGC,TAAGGCGA,,,
0,KLENOW_Lib1_Tn5_STATIONARY,KLENOW_Lib1_Tn5_STATIONARY_F4,CCTAAATACAGCC,TAAGGCGA,,,
0,KLENOW_Lib1_Tn5_STATIONARY,KLENOW_Lib1_Tn5_STATIONARY_F5,CGGGTTTTACCAG,TAAGGCGA,,,
0,KLENOW_Lib1_Tn5_STATIONARY,KLENOW_Lib1_Tn5_STATIONARY_F6,CATATCCATTGCG,TAAGGCGA,,,
0,KLENOW_Lib1_Tn5_M4,KLENOW_Lib1_Tn5_M9_F7,CCTCCCGAGAGTG,TAAGGCGA,,,
0,KLENOW_Lib1_Tn5_M5,KLENOW_Lib1_Tn5_M9_F8,CGAATATCTCCGG,TAAGGCGA,,,
0,KLENOW_Lib1_Tn5_M6,KLENOW_Lib1_Tn5_M9_F9,CTACTAACCCACG,TAAGGCGA,,,
0,KLENOW_Lib1_Tn5_M7,KLENOW_Lib1_Tn5_M9_F10,CAAATGATACAAG,TAAGGCGA,,,
0,KLENOW_Lib1_Tn5_M8,KLENOW_Lib1_Tn5_M9_F11,CCCCCATTATTTG,TAAGGCGA,,,
0,KLENOW_Lib1_Tn5_M9,KLENOW_Lib1_Tn5_M9_F12,CGAGTCGCGACGG,TAAGGCGA,,,
0,KLENOW_Lib1_Tn5_EXP,KLENOW_Lib1_Tn5_EXP_G1,GTGGTTGTGGCCG,TAAGGCGA,,,
0,KLENOW_Lib1_Tn5_EXP,KLENOW_Lib1_Tn5_EXP_G2,GATTCAAGGAAAG,TAAGGCGA,,,
0,KLENOW_Lib1_Tn5_EXP,KLENOW_Lib1_Tn5_EXP_G3,GCCAAGATCTGGG,TAAGGCGA,,,
0,KLENOW_Lib1_Tn5_EXP,KLENOW_Lib1_Tn5_EXP_G4,GATACTGTATCAG,TAAGGCGA,,,
0,KLENOW_Lib1_Tn5_EXP,KLENOW_Lib1_Tn5_EXP_G5,GCCGATTCGTGCG,TAAGGCGA,,,
0,KLENOW_Lib1_Tn5_EXP,KLENOW_Lib1_Tn5_EXP_G6,GTGACAACGCTGG,TAAGGCGA,,,
0,KLENOW_Lib1_Tn5_EXP,KLENOW_Lib1_Tn5_EXP_G7,GGGCTGTCTTATG,TAAGGCGA,,,
0,KLENOW_Lib1_Tn5_EXP,KLENOW_Lib1_Tn5_EXP_G8,GACCCTGGCCTGG,TAAGGCGA,,,
0,KLENOW_Lib1_Tn5_EXP,KLENOW_Lib1_Tn5_EXP_G9,GCGTACGCTTATG,TAAGGCGA,,,
0,KLENOW_Lib1_Tn5_EXP,KLENOW_Lib1_Tn5_EXP_G10,GTTGCACTTAATG,TAAGGCGA,,,
0,KLENOW_Lib1_Tn5_EXP,KLENOW_Lib1_Tn5_EXP_G11,GGACAAAGAGAAG,TAAGGCGA,,,
0,KLENOW_Lib1_Tn5_EXP,KLENOW_Lib1_Tn5_EXP_G12,GAACCACAGCACG,TAAGGCGA,,,
0,KLENOW_Lib1_Tn5_EXP,KLENOW_Lib1_Tn5_EXP_H1,GCTTATCTAGAGG,TAAGGCGA,,,
0,KLENOW_Lib1_Tn5_EXP,KLENOW_Lib1_Tn5_EXP_H2,GTAATGTGGTCAG,TAAGGCGA,,,
0,KLENOW_Lib1_Tn5_EXP,KLENOW_Lib1_Tn5_EXP_H3,GGCGCGCGAGCTG,TAAGGCGA,,,
0,KLENOW_Lib1_Tn5_EXP,KLENOW_Lib1_Tn5_EXP_H4,GTCCATGTGTGTG,TAAGGCGA,,,
0,KLENOW_Lib1_Tn5_EXP,KLENOW_Lib1_Tn5_EXP_H5,GGGAGGAATCCAG,TAAGGCGA,,,
0,KLENOW_Lib1_Tn5_EXP,KLENOW_Lib1_Tn5_EXP_H6,GATCAAAATAGGG,TAAGGCGA,,,
0,KLENOW_Lib1_Tn5_Coculture_EXP,KLENOW_Lib1_Tn5_Coculture_EXP_H7,GCAAGACTGCCAG,TAAGGCGA,,,
0,KLENOW_Lib1_Tn5_Coculture_EXP,KLENOW_Lib1_Tn5_Coculture_EXP_H8,GTAGGATGGACCG,TAAGGCGA,,,
0,KLENOW_Lib1_Tn5_Coculture_EXP,KLENOW_Lib1_Tn5_Coculture_EXP_H9,GGATCGGACCTAG,TAAGGCGA,,,
0,KLENOW_Lib1_Tn5_Coculture_EXP,KLENOW_Lib1_Tn5_Coculture_EXP_H10,GCCCAAAGGAATG,TAAGGCGA,,,
0,KLENOW_Lib1_Tn5_Coculture_EXP,KLENOW_Lib1_Tn5_Coculture_EXP_H11,GTACCTAACGCAG,TAAGGCGA,,,
0,KLENOW_Lib1_Tn5_Coculture_EXP,KLENOW_Lib1_Tn5_Coculture_EXP_H12,GGTCAGGTTCAGG,TAAGGCGA,,,
0,KLENOW_LIB1_KL_4HR_COCULTURE,KLENOW_LIB1_KL_4HR_COCULTURE_A1,AAGTGATTAGCAA,AGGCAGAA,,,
0,KLENOW_LIB1_KL_4HR_COCULTURE,KLENOW_LIB1_KL_4HR_COCULTURE_A2,AGAATCCCCCTAA,AGGCAGAA,,,
0,KLENOW_LIB1_KL_4HR_COCULTURE,KLENOW_LIB1_KL_4HR_COCULTURE_A3,ACCTGGGAAACTA,AGGCAGAA,,,
0,KLENOW_LIB1_KL_4HR_COCULTURE,KLENOW_LIB1_KL_4HR_COCULTURE_A4,ATACCTCCCAGGA,AGGCAGAA,,,
0,KLENOW_LIB1_KL_4HR_COCULTURE,KLENOW_LIB1_KL_4HR_COCULTURE_A5,AATTTGTGGTATA,AGGCAGAA,,,
0,KLENOW_LIB1_KL_4HR_COCULTURE,KLENOW_LIB1_KL_4HR_COCULTURE_A6,ACCCGAGAGATCA,AGGCAGAA,,,
0,KLENOW_LIB1_KL_4HR_CEFOZOLIN,KLENOW_LIB1_KL_4HR_CEFOZOLIN_A7,AGAGTATAGGGTA,AGGCAGAA,,,
0,KLENOW_LIB1_KL_4HR_CEFOZOLIN,KLENOW_LIB1_KL_4HR_CEFOZOLIN_A8,ATCTTAATTGAGA,AGGCAGAA,,,
0,KLENOW_LIB1_KL_4HR_CEFOZOLIN,KLENOW_LIB1_KL_4HR_CEFOZOLIN_A9,AACGTTCTGTCGA,AGGCAGAA,,,
0,KLENOW_LIB1_KL_4HR_CEFOZOLIN,KLENOW_LIB1_KL_4HR_CEFOZOLIN_A10,ACATAATGGCGAA,AGGCAGAA,,,
0,KLENOW_LIB1_KL_4HR_CEFOZOLIN,KLENOW_LIB1_KL_4HR_CEFOZOLIN_A11,AGGCCGGAACATA,AGGCAGAA,,,
0,KLENOW_LIB1_KL_4HR_CEFOZOLIN,KLENOW_LIB1_KL_4HR_CEFOZOLIN_A12,ATCACTTCAAGAA,AGGCAGAA,,,
0,KLENOW_LIB1_KL_4HR_CIPRO,KLENOW_LIB1_KL_4HR_CIPRO_B1,AAGCTGGCCTTCA,AGGCAGAA,,,
0,KLENOW_LIB1_KL_4HR_CIPRO,KLENOW_LIB1_KL_4HR_CIPRO_B2,ACTGCACATTGGA,AGGCAGAA,,,
0,KLENOW_LIB1_KL_4HR_CIPRO,KLENOW_LIB1_KL_4HR_CIPRO_B3,AGGTCCTTCGATA,AGGCAGAA,,,
0,KLENOW_LIB1_KL_4HR_CIPRO,KLENOW_LIB1_KL_4HR_CIPRO_B4,ATTCGCACCCGAA,AGGCAGAA,,,
0,KLENOW_LIB1_KL_4HR_CIPRO,KLENOW_LIB1_KL_4HR_CIPRO_B5,ACCGTAAATTACA,AGGCAGAA,,,
0,KLENOW_LIB1_KL_4HR_CIPRO,KLENOW_LIB1_KL_4HR_CIPRO_B6,AGTAGTCGATATA,AGGCAGAA,,,
0,KLENOW_LIB1_KL_2HR_CEFOZOLIN,KLENOW_LIB1_KL_2HR_CEFOZOLIN_B7,ATGTAAGAATCAA,AGGCAGAA,,,
0,KLENOW_LIB1_KL_2HR_CEFOZOLIN,KLENOW_LIB1_KL_2HR_CEFOZOLIN_B8,AAGGCCCGCCGTA,AGGCAGAA,,,
0,KLENOW_LIB1_KL_2HR_CEFOZOLIN,KLENOW_LIB1_KL_2HR_CEFOZOLIN_B9,ACTCCACGCAAGA,AGGCAGAA,,,
0,KLENOW_LIB1_KL_2HR_CEFOZOLIN,KLENOW_LIB1_KL_2HR_CEFOZOLIN_B10,AGTCTTTGATTAA,AGGCAGAA,,,
0,KLENOW_LIB1_KL_2HR_CEFOZOLIN,KLENOW_LIB1_KL_2HR_CEFOZOLIN_B11,ATAGAGCCCGCCA,AGGCAGAA,,,
0,KLENOW_LIB1_KL_2HR_CEFOZOLIN,KLENOW_LIB1_KL_2HR_CEFOZOLIN_B12,AAGAAATGGAGGA,AGGCAGAA,,,
0,KLENOW_LIB1_KL_2HR_CIPRO,KLENOW_LIB1_KL_2HR_CIPRO_C1,TCAGCGCTGGTTA,AGGCAGAA,,,
0,KLENOW_LIB1_KL_2HR_CIPRO,KLENOW_LIB1_KL_2HR_CIPRO_C2,TGTTGACGAATAA,AGGCAGAA,,,
0,KLENOW_LIB1_KL_2HR_CIPRO,KLENOW_LIB1_KL_2HR_CIPRO_C3,TTGCATCAGCGCA,AGGCAGAA,,,
0,KLENOW_LIB1_KL_2HR_CIPRO,KLENOW_LIB1_KL_2HR_CIPRO_C4,TAGCCATATGAGA,AGGCAGAA,,,
0,KLENOW_LIB1_KL_2HR_CIPRO,KLENOW_LIB1_KL_2HR_CIPRO_C5,TCCTGCCCCTGTA,AGGCAGAA,,,
0,KLENOW_LIB1_KL_2HR_CIPRO,KLENOW_LIB1_KL_2HR_CIPRO_C6,TGGTATAAAACCA,AGGCAGAA,,,
0,KLENOW_LIB1_KL_2HR_CIPRO,KLENOW_LIB1_KL_2HR_CIPRO_C7,TTAAAGTCATGCA,AGGCAGAA,,,
0,KLENOW_LIB1_KL_2HR_CIPRO,KLENOW_LIB1_KL_2HR_CIPRO_C8,TAGAACTCAGAAA,AGGCAGAA,,,
0,KLENOW_LIB1_KL_2HR_OSMOTIC,KLENOW_LIB1_KL_2HR_OSMOTIC_C9,TCAGCTTAATCGC,AGGCAGAA,,,
0,KLENOW_LIB1_KL_2HR_OSMOTIC,KLENOW_LIB1_KL_2HR_OSMOTIC_C10,TGGCTTAAGAGAC,AGGCAGAA,,,
0,KLENOW_LIB1_KL_2HR_OSMOTIC,KLENOW_LIB1_KL_2HR_OSMOTIC_C11,TTCACCTGTCGGC,AGGCAGAA,,,
0,KLENOW_LIB1_KL_2HR_OSMOTIC,KLENOW_LIB1_KL_2HR_OSMOTIC_C12,TATAGTGATACTC,AGGCAGAA,,,
0,KLENOW_LIB1_KL_2HR_OSMOTIC,KLENOW_LIB1_KL_2HR_OSMOTIC_D1,TCATCAGCGAACC,AGGCAGAA,,,
0,KLENOW_LIB1_KL_2HR_OSMOTIC,KLENOW_LIB1_KL_2HR_OSMOTIC_D2,TGCGCCATGGGAC,AGGCAGAA,,,
0,KLENOW_LIB1_KL_2HR_OSMOTIC,KLENOW_LIB1_KL_2HR_OSMOTIC_D3,TTGTTGAACTCCC,AGGCAGAA,,,
0,KLENOW_LIB1_KL_2HR_OSMOTIC,KLENOW_LIB1_KL_2HR_OSMOTIC_D4,TATATACGCAGTC,AGGCAGAA,,,
0,KLENOW_LIB1_KL_2HR_HEAT,KLENOW_LIB1_KL_2HR_HEAT_D5,TCGCACGACGTAC,AGGCAGAA,,,
0,KLENOW_LIB1_KL_2HR_HEAT,KLENOW_LIB1_KL_2HR_HEAT_D6,TGGGACAGAAGGC,AGGCAGAA,,,
0,KLENOW_LIB1_KL_2HR_HEAT,KLENOW_LIB1_KL_2HR_HEAT_D7,TTTAACAAGTATC,AGGCAGAA,,,
0,KLENOW_LIB1_KL_2HR_HEAT,KLENOW_LIB1_KL_2HR_HEAT_D8,TACTCCTGGGTAC,AGGCAGAA,,,
0,KLENOW_LIB1_KL_2HR_HEAT,KLENOW_LIB1_KL_2HR_HEAT_D9,TCAGAAAACCCCC,AGGCAGAA,,,
0,KLENOW_LIB1_KL_2HR_HEAT,KLENOW_LIB1_KL_2HR_HEAT_D10,TGCACGAGCAGTC,AGGCAGAA,,,
0,KLENOW_LIB1_KL_2HR_HEAT,KLENOW_LIB1_KL_2HR_HEAT_D11,TTATTATGCTTCC,AGGCAGAA,,,
0,KLENOW_LIB1_KL_2HR_HEAT,KLENOW_LIB1_KL_2HR_HEAT_D12,TAGCGACTGTATC,AGGCAGAA,,,
0,KLENOW_LIB1_KL_STATIONARY,KLENOW_LIB1_KL_STATIONARY_E1,CCCTTGCGACAGC,AGGCAGAA,,,
0,KLENOW_LIB1_KL_STATIONARY,KLENOW_LIB1_KL_STATIONARY_E2,CGTTAGATTGCAC,AGGCAGAA,,,
0,KLENOW_LIB1_KL_STATIONARY,KLENOW_LIB1_KL_STATIONARY_E3,CTAAATACCATCC,AGGCAGAA,,,
0,KLENOW_LIB1_KL_STATIONARY,KLENOW_LIB1_KL_STATIONARY_E4,CATATTTTTTAGC,AGGCAGAA,,,
0,KLENOW_LIB1_KL_STATIONARY,KLENOW_LIB1_KL_STATIONARY_E5,CCCCTAAACGCTC,AGGCAGAA,,,
0,KLENOW_LIB1_KL_STATIONARY,KLENOW_LIB1_KL_STATIONARY_E6,CGATTGTTAGGAC,AGGCAGAA,,,
0,KLENOW_LIB1_KL_STATIONARY,KLENOW_LIB1_KL_STATIONARY_E7,CTACCGAGTCTCC,AGGCAGAA,,,
0,KLENOW_LIB1_KL_STATIONARY,KLENOW_LIB1_KL_STATIONARY_E8,CAGAACAAATTGC,AGGCAGAA,,,
0,KLENOW_LIB1_KL_STATIONARY,KLENOW_LIB1_KL_STATIONARY_E9,CCTTGATCTCATC,AGGCAGAA,,,
0,KLENOW_LIB1_KL_STATIONARY,KLENOW_LIB1_KL_STATIONARY_E10,CGCCACGCGTTAC,AGGCAGAA,,,
0,KLENOW_LIB1_KL_STATIONARY,KLENOW_LIB1_KL_STATIONARY_E11,CTATAGATACGGC,AGGCAGAA,,,
0,KLENOW_LIB1_KL_STATIONARY,KLENOW_LIB1_KL_STATIONARY_E12,CATACCCAGCCAC,AGGCAGAA,,,
0,KLENOW_LIB1_KL_STATIONARY,KLENOW_LIB1_KL_STATIONARY_F1,CCCCGGATGTACC,AGGCAGAA,,,
0,KLENOW_LIB1_KL_STATIONARY,KLENOW_LIB1_KL_STATIONARY_F2,CGATCTCGGCTTC,AGGCAGAA,,,
0,KLENOW_LIB1_KL_STATIONARY,KLENOW_LIB1_KL_STATIONARY_F3,CTAGCCGCTTTGC,AGGCAGAA,,,
0,KLENOW_LIB1_KL_STATIONARY,KLENOW_LIB1_KL_STATIONARY_F4,CCTAAATACAGCC,AGGCAGAA,,,
0,KLENOW_LIB1_KL_STATIONARY,KLENOW_LIB1_KL_STATIONARY_F5,CGGGTTTTACCAG,AGGCAGAA,,,
0,KLENOW_LIB1_KL_STATIONARY,KLENOW_LIB1_KL_STATIONARY_F6,CATATCCATTGCG,AGGCAGAA,,,
0,KLENOW_LIB1_KL_M9,KLENOW_LIB1_KL_M9_F7,CCTCCCGAGAGTG,AGGCAGAA,,,
0,KLENOW_LIB1_KL_M10,KLENOW_LIB1_KL_M9_F8,CGAATATCTCCGG,AGGCAGAA,,,
0,KLENOW_LIB1_KL_M11,KLENOW_LIB1_KL_M9_F9,CTACTAACCCACG,AGGCAGAA,,,
0,KLENOW_LIB1_KL_M12,KLENOW_LIB1_KL_M9_F10,CAAATGATACAAG,AGGCAGAA,,,
0,KLENOW_LIB1_KL_M13,KLENOW_LIB1_KL_M9_F11,CCCCCATTATTTG,AGGCAGAA,,,
0,KLENOW_LIB1_KL_M14,KLENOW_LIB1_KL_M9_F12,CGAGTCGCGACGG,AGGCAGAA,,,
0,KLENOW_LIB1_KL_EXP,KLENOW_LIB1_KL_EXP_G1,GTGGTTGTGGCCG,AGGCAGAA,,,
0,KLENOW_LIB1_KL_EXP,KLENOW_LIB1_KL_EXP_G2,GATTCAAGGAAAG,AGGCAGAA,,,
0,KLENOW_LIB1_KL_EXP,KLENOW_LIB1_KL_EXP_G3,GCCAAGATCTGGG,AGGCAGAA,,,
0,KLENOW_LIB1_KL_EXP,KLENOW_LIB1_KL_EXP_G4,GATACTGTATCAG,AGGCAGAA,,,
0,KLENOW_LIB1_KL_EXP,KLENOW_LIB1_KL_EXP_G5,GCCGATTCGTGCG,AGGCAGAA,,,
0,KLENOW_LIB1_KL_EXP,KLENOW_LIB1_KL_EXP_G6,GTGACAACGCTGG,AGGCAGAA,,,
0,KLENOW_LIB1_KL_EXP,KLENOW_LIB1_KL_EXP_G7,GGGCTGTCTTATG,AGGCAGAA,,,
0,KLENOW_LIB1_KL_EXP,KLENOW_LIB1_KL_EXP_G8,GACCCTGGCCTGG,AGGCAGAA,,,
0,KLENOW_LIB1_KL_EXP,KLENOW_LIB1_KL_EXP_G9,GCGTACGCTTATG,AGGCAGAA,,,
0,KLENOW_LIB1_KL_EXP,KLENOW_LIB1_KL_EXP_G10,GTTGCACTTAATG,AGGCAGAA,,,
0,KLENOW_LIB1_KL_EXP,KLENOW_LIB1_KL_EXP_G11,GGACAAAGAGAAG,AGGCAGAA,,,
0,KLENOW_LIB1_KL_EXP,KLENOW_LIB1_KL_EXP_G12,GAACCACAGCACG,AGGCAGAA,,,
0,KLENOW_LIB1_KL_EXP,KLENOW_LIB1_KL_EXP_H1,GCTTATCTAGAGG,AGGCAGAA,,,
0,KLENOW_LIB1_KL_EXP,KLENOW_LIB1_KL_EXP_H2,GTAATGTGGTCAG,AGGCAGAA,,,
0,KLENOW_LIB1_KL_EXP,KLENOW_LIB1_KL_EXP_H3,GGCGCGCGAGCTG,AGGCAGAA,,,
0,KLENOW_LIB1_KL_EXP,KLENOW_LIB1_KL_EXP_H4,GTCCATGTGTGTG,AGGCAGAA,,,
0,KLENOW_LIB1_KL_EXP,KLENOW_LIB1_KL_EXP_H5,GGGAGGAATCCAG,AGGCAGAA,,,
0,KLENOW_LIB1_KL_EXP,KLENOW_LIB1_KL_EXP_H6,GATCAAAATAGGG,AGGCAGAA,,,
0,KLENOW_LIB1_KL_Coculture_EXP,KLENOW_LIB1_KL_Coculture_EXP_H7,GCAAGACTGCCAG,AGGCAGAA,,,
0,KLENOW_LIB1_KL_Coculture_EXP,KLENOW_LIB1_KL_Coculture_EXP_H8,GTAGGATGGACCG,AGGCAGAA,,,
0,KLENOW_LIB1_KL_Coculture_EXP,KLENOW_LIB1_KL_Coculture_EXP_H9,GGATCGGACCTAG,AGGCAGAA,,,
0,KLENOW_LIB1_KL_Coculture_EXP,KLENOW_LIB1_KL_Coculture_EXP_H10,GCCCAAAGGAATG,AGGCAGAA,,,
0,KLENOW_LIB1_KL_Coculture_EXP,KLENOW_LIB1_KL_Coculture_EXP_H11,GTACCTAACGCAG,AGGCAGAA,,,
0,KLENOW_LIB1_KL_Coculture_EXP,KLENOW_LIB1_KL_Coculture_EXP_H12,GGTCAGGTTCAGG,AGGCAGAA,,,
0,KLENOW_SPLIT1_4HR_COCULTURE,KLENOW_SPLIT1_4HR_COCULTURE_A1,AAGTGATTAGCAA,CTCTCTAC,,,
0,KLENOW_SPLIT1_4HR_COCULTURE,KLENOW_SPLIT1_4HR_COCULTURE_A2,AGAATCCCCCTAA,CTCTCTAC,,,
0,KLENOW_SPLIT1_4HR_COCULTURE,KLENOW_SPLIT1_4HR_COCULTURE_A3,ACCTGGGAAACTA,CTCTCTAC,,,
0,KLENOW_SPLIT1_4HR_COCULTURE,KLENOW_SPLIT1_4HR_COCULTURE_A4,ATACCTCCCAGGA,CTCTCTAC,,,
0,KLENOW_SPLIT1_4HR_COCULTURE,KLENOW_SPLIT1_4HR_COCULTURE_A5,AATTTGTGGTATA,CTCTCTAC,,,
0,KLENOW_SPLIT1_4HR_COCULTURE,KLENOW_SPLIT1_4HR_COCULTURE_A6,ACCCGAGAGATCA,CTCTCTAC,,,
0,KLENOW_SPLIT1_4HR_CEFOZOLIN,KLENOW_SPLIT1_4HR_CEFOZOLIN_A7,AGAGTATAGGGTA,CTCTCTAC,,,
0,KLENOW_SPLIT1_4HR_CEFOZOLIN,KLENOW_SPLIT1_4HR_CEFOZOLIN_A8,ATCTTAATTGAGA,CTCTCTAC,,,
0,KLENOW_SPLIT1_4HR_CEFOZOLIN,KLENOW_SPLIT1_4HR_CEFOZOLIN_A9,AACGTTCTGTCGA,CTCTCTAC,,,
0,KLENOW_SPLIT1_4HR_CEFOZOLIN,KLENOW_SPLIT1_4HR_CEFOZOLIN_A10,ACATAATGGCGAA,CTCTCTAC,,,
0,KLENOW_SPLIT1_4HR_CEFOZOLIN,KLENOW_SPLIT1_4HR_CEFOZOLIN_A11,AGGCCGGAACATA,CTCTCTAC,,,
0,KLENOW_SPLIT1_4HR_CEFOZOLIN,KLENOW_SPLIT1_4HR_CEFOZOLIN_A12,ATCACTTCAAGAA,CTCTCTAC,,,
0,KLENOW_SPLIT1_4HR_CIPRO,KLENOW_SPLIT1_4HR_CIPRO_B1,AAGCTGGCCTTCA,CTCTCTAC,,,
0,KLENOW_SPLIT1_4HR_CIPRO,KLENOW_SPLIT1_4HR_CIPRO_B2,ACTGCACATTGGA,CTCTCTAC,,,
0,KLENOW_SPLIT1_4HR_CIPRO,KLENOW_SPLIT1_4HR_CIPRO_B3,AGGTCCTTCGATA,CTCTCTAC,,,
0,KLENOW_SPLIT1_4HR_CIPRO,KLENOW_SPLIT1_4HR_CIPRO_B4,ATTCGCACCCGAA,CTCTCTAC,,,
0,KLENOW_SPLIT1_4HR_CIPRO,KLENOW_SPLIT1_4HR_CIPRO_B5,ACCGTAAATTACA,CTCTCTAC,,,
0,KLENOW_SPLIT1_4HR_CIPRO,KLENOW_SPLIT1_4HR_CIPRO_B6,AGTAGTCGATATA,CTCTCTAC,,,
0,KLENOW_SPLIT1_2HR_CEFOZOLIN,KLENOW_SPLIT1_2HR_CEFOZOLIN_B7,ATGTAAGAATCAA,CTCTCTAC,,,
0,KLENOW_SPLIT1_2HR_CEFOZOLIN,KLENOW_SPLIT1_2HR_CEFOZOLIN_B8,AAGGCCCGCCGTA,CTCTCTAC,,,
0,KLENOW_SPLIT1_2HR_CEFOZOLIN,KLENOW_SPLIT1_2HR_CEFOZOLIN_B9,ACTCCACGCAAGA,CTCTCTAC,,,
0,KLENOW_SPLIT1_2HR_CEFOZOLIN,KLENOW_SPLIT1_2HR_CEFOZOLIN_B10,AGTCTTTGATTAA,CTCTCTAC,,,
0,KLENOW_SPLIT1_2HR_CEFOZOLIN,KLENOW_SPLIT1_2HR_CEFOZOLIN_B11,ATAGAGCCCGCCA,CTCTCTAC,,,
0,KLENOW_SPLIT1_2HR_CEFOZOLIN,KLENOW_SPLIT1_2HR_CEFOZOLIN_B12,AAGAAATGGAGGA,CTCTCTAC,,,
0,KLENOW_SPLIT1_2HR_CIPRO,KLENOW_SPLIT1_2HR_CIPRO_C1,TCAGCGCTGGTTA,CTCTCTAC,,,
0,KLENOW_SPLIT1_2HR_CIPRO,KLENOW_SPLIT1_2HR_CIPRO_C2,TGTTGACGAATAA,CTCTCTAC,,,
0,KLENOW_SPLIT1_2HR_CIPRO,KLENOW_SPLIT1_2HR_CIPRO_C3,TTGCATCAGCGCA,CTCTCTAC,,,
0,KLENOW_SPLIT1_2HR_CIPRO,KLENOW_SPLIT1_2HR_CIPRO_C4,TAGCCATATGAGA,CTCTCTAC,,,
0,KLENOW_SPLIT1_2HR_CIPRO,KLENOW_SPLIT1_2HR_CIPRO_C5,TCCTGCCCCTGTA,CTCTCTAC,,,
0,KLENOW_SPLIT1_2HR_CIPRO,KLENOW_SPLIT1_2HR_CIPRO_C6,TGGTATAAAACCA,CTCTCTAC,,,
0,KLENOW_SPLIT1_2HR_CIPRO,KLENOW_SPLIT1_2HR_CIPRO_C7,TTAAAGTCATGCA,CTCTCTAC,,,
0,KLENOW_SPLIT1_2HR_CIPRO,KLENOW_SPLIT1_2HR_CIPRO_C8,TAGAACTCAGAAA,CTCTCTAC,,,
0,KLENOW_SPLIT1_2HR_OSMOTIC,KLENOW_SPLIT1_2HR_OSMOTIC_C9,TCAGCTTAATCGC,CTCTCTAC,,,
0,KLENOW_SPLIT1_2HR_OSMOTIC,KLENOW_SPLIT1_2HR_OSMOTIC_C10,TGGCTTAAGAGAC,CTCTCTAC,,,
0,KLENOW_SPLIT1_2HR_OSMOTIC,KLENOW_SPLIT1_2HR_OSMOTIC_C11,TTCACCTGTCGGC,CTCTCTAC,,,
0,KLENOW_SPLIT1_2HR_OSMOTIC,KLENOW_SPLIT1_2HR_OSMOTIC_C12,TATAGTGATACTC,CTCTCTAC,,,
0,KLENOW_SPLIT1_2HR_OSMOTIC,KLENOW_SPLIT1_2HR_OSMOTIC_D1,TCATCAGCGAACC,CTCTCTAC,,,
0,KLENOW_SPLIT1_2HR_OSMOTIC,KLENOW_SPLIT1_2HR_OSMOTIC_D2,TGCGCCATGGGAC,CTCTCTAC,,,
0,KLENOW_SPLIT1_2HR_OSMOTIC,KLENOW_SPLIT1_2HR_OSMOTIC_D3,TTGTTGAACTCCC,CTCTCTAC,,,
0,KLENOW_SPLIT1_2HR_OSMOTIC,KLENOW_SPLIT1_2HR_OSMOTIC_D4,TATATACGCAGTC,CTCTCTAC,,,
0,KLENOW_SPLIT1_2HR_HEAT,KLENOW_SPLIT1_2HR_HEAT_D5,TCGCACGACGTAC,CTCTCTAC,,,
0,KLENOW_SPLIT1_2HR_HEAT,KLENOW_SPLIT1_2HR_HEAT_D6,TGGGACAGAAGGC,CTCTCTAC,,,
0,KLENOW_SPLIT1_2HR_HEAT,KLENOW_SPLIT1_2HR_HEAT_D7,TTTAACAAGTATC,CTCTCTAC,,,
0,KLENOW_SPLIT1_2HR_HEAT,KLENOW_SPLIT1_2HR_HEAT_D8,TACTCCTGGGTAC,CTCTCTAC,,,
0,KLENOW_SPLIT1_2HR_HEAT,KLENOW_SPLIT1_2HR_HEAT_D9,TCAGAAAACCCCC,CTCTCTAC,,,
0,KLENOW_SPLIT1_2HR_HEAT,KLENOW_SPLIT1_2HR_HEAT_D10,TGCACGAGCAGTC,CTCTCTAC,,,
0,KLENOW_SPLIT1_2HR_HEAT,KLENOW_SPLIT1_2HR_HEAT_D11,TTATTATGCTTCC,CTCTCTAC,,,
0,KLENOW_SPLIT1_2HR_HEAT,KLENOW_SPLIT1_2HR_HEAT_D12,TAGCGACTGTATC,CTCTCTAC,,,
0,KLENOW_SPLIT1_STATIONARY,KLENOW_SPLIT1_STATIONARY_E1,CCCTTGCGACAGC,CTCTCTAC,,,
0,KLENOW_SPLIT1_STATIONARY,KLENOW_SPLIT1_STATIONARY_E2,CGTTAGATTGCAC,CTCTCTAC,,,
0,KLENOW_SPLIT1_STATIONARY,KLENOW_SPLIT1_STATIONARY_E3,CTAAATACCATCC,CTCTCTAC,,,
0,KLENOW_SPLIT1_STATIONARY,KLENOW_SPLIT1_STATIONARY_E4,CATATTTTTTAGC,CTCTCTAC,,,
0,KLENOW_SPLIT1_STATIONARY,KLENOW_SPLIT1_STATIONARY_E5,CCCCTAAACGCTC,CTCTCTAC,,,
0,KLENOW_SPLIT1_STATIONARY,KLENOW_SPLIT1_STATIONARY_E6,CGATTGTTAGGAC,CTCTCTAC,,,
0,KLENOW_SPLIT1_STATIONARY,KLENOW_SPLIT1_STATIONARY_E7,CTACCGAGTCTCC,CTCTCTAC,,,
0,KLENOW_SPLIT1_STATIONARY,KLENOW_SPLIT1_STATIONARY_E8,CAGAACAAATTGC,CTCTCTAC,,,
0,KLENOW_SPLIT1_STATIONARY,KLENOW_SPLIT1_STATIONARY_E9,CCTTGATCTCATC,CTCTCTAC,,,
0,KLENOW_SPLIT1_STATIONARY,KLENOW_SPLIT1_STATIONARY_E10,CGCCACGCGTTAC,CTCTCTAC,,,
0,KLENOW_SPLIT1_STATIONARY,KLENOW_SPLIT1_STATIONARY_E11,CTATAGATACGGC,CTCTCTAC,,,
0,KLENOW_SPLIT1_STATIONARY,KLENOW_SPLIT1_STATIONARY_E12,CATACCCAGCCAC,CTCTCTAC,,,
0,KLENOW_SPLIT1_STATIONARY,KLENOW_SPLIT1_STATIONARY_F1,CCCCGGATGTACC,CTCTCTAC,,,
0,KLENOW_SPLIT1_STATIONARY,KLENOW_SPLIT1_STATIONARY_F2,CGATCTCGGCTTC,CTCTCTAC,,,
0,KLENOW_SPLIT1_STATIONARY,KLENOW_SPLIT1_STATIONARY_F3,CTAGCCGCTTTGC,CTCTCTAC,,,
0,KLENOW_SPLIT1_STATIONARY,KLENOW_SPLIT1_STATIONARY_F4,CCTAAATACAGCC,CTCTCTAC,,,
0,KLENOW_SPLIT1_STATIONARY,KLENOW_SPLIT1_STATIONARY_F5,CGGGTTTTACCAG,CTCTCTAC,,,
0,KLENOW_SPLIT1_STATIONARY,KLENOW_SPLIT1_STATIONARY_F6,CATATCCATTGCG,CTCTCTAC,,,
0,KLENOW_SPLIT1_M4,KLENOW_SPLIT1_M9_F7,CCTCCCGAGAGTG,CTCTCTAC,,,
0,KLENOW_SPLIT1_M5,KLENOW_SPLIT1_M9_F8,CGAATATCTCCGG,CTCTCTAC,,,
0,KLENOW_SPLIT1_M6,KLENOW_SPLIT1_M9_F9,CTACTAACCCACG,CTCTCTAC,,,
0,KLENOW_SPLIT1_M7,KLENOW_SPLIT1_M9_F10,CAAATGATACAAG,CTCTCTAC,,,
0,KLENOW_SPLIT1_M8,KLENOW_SPLIT1_M9_F11,CCCCCATTATTTG,CTCTCTAC,,,
0,KLENOW_SPLIT1_M9,KLENOW_SPLIT1_M9_F12,CGAGTCGCGACGG,CTCTCTAC,,,
0,KLENOW_SPLIT1_EXP,KLENOW_SPLIT1_EXP_G1,GTGGTTGTGGCCG,CTCTCTAC,,,
0,KLENOW_SPLIT1_EXP,KLENOW_SPLIT1_EXP_G2,GATTCAAGGAAAG,CTCTCTAC,,,
0,KLENOW_SPLIT1_EXP,KLENOW_SPLIT1_EXP_G3,GCCAAGATCTGGG,CTCTCTAC,,,
0,KLENOW_SPLIT1_EXP,KLENOW_SPLIT1_EXP_G4,GATACTGTATCAG,CTCTCTAC,,,
0,KLENOW_SPLIT1_EXP,KLENOW_SPLIT1_EXP_G5,GCCGATTCGTGCG,CTCTCTAC,,,
0,KLENOW_SPLIT1_EXP,KLENOW_SPLIT1_EXP_G6,GTGACAACGCTGG,CTCTCTAC,,,
0,KLENOW_SPLIT1_EXP,KLENOW_SPLIT1_EXP_G7,GGGCTGTCTTATG,CTCTCTAC,,,
0,KLENOW_SPLIT1_EXP,KLENOW_SPLIT1_EXP_G8,GACCCTGGCCTGG,CTCTCTAC,,,
0,KLENOW_SPLIT1_EXP,KLENOW_SPLIT1_EXP_G9,GCGTACGCTTATG,CTCTCTAC,,,
0,KLENOW_SPLIT1_EXP,KLENOW_SPLIT1_EXP_G10,GTTGCACTTAATG,CTCTCTAC,,,
0,KLENOW_SPLIT1_EXP,KLENOW_SPLIT1_EXP_G11,GGACAAAGAGAAG,CTCTCTAC,,,
0,KLENOW_SPLIT1_EXP,KLENOW_SPLIT1_EXP_G12,GAACCACAGCACG,CTCTCTAC,,,
0,KLENOW_SPLIT1_EXP,KLENOW_SPLIT1_EXP_H1,GCTTATCTAGAGG,CTCTCTAC,,,
0,KLENOW_SPLIT1_EXP,KLENOW_SPLIT1_EXP_H2,GTAATGTGGTCAG,CTCTCTAC,,,
0,KLENOW_SPLIT1_EXP,KLENOW_SPLIT1_EXP_H3,GGCGCGCGAGCTG,CTCTCTAC,,,
0,KLENOW_SPLIT1_EXP,KLENOW_SPLIT1_EXP_H4,GTCCATGTGTGTG,CTCTCTAC,,,
0,KLENOW_SPLIT1_EXP,KLENOW_SPLIT1_EXP_H5,GGGAGGAATCCAG,CTCTCTAC,,,
0,KLENOW_SPLIT1_EXP,KLENOW_SPLIT1_EXP_H6,GATCAAAATAGGG,CTCTCTAC,,,
0,KLENOW_SPLIT1_Coculture_EXP,KLENOW_SPLIT1_Coculture_EXP_H7,GCAAGACTGCCAG,CTCTCTAC,,,
0,KLENOW_SPLIT1_Coculture_EXP,KLENOW_SPLIT1_Coculture_EXP_H8,GTAGGATGGACCG,CTCTCTAC,,,
0,KLENOW_SPLIT1_Coculture_EXP,KLENOW_SPLIT1_Coculture_EXP_H9,GGATCGGACCTAG,CTCTCTAC,,,
0,KLENOW_SPLIT1_Coculture_EXP,KLENOW_SPLIT1_Coculture_EXP_H10,GCCCAAAGGAATG,CTCTCTAC,,,
0,KLENOW_SPLIT1_Coculture_EXP,KLENOW_SPLIT1_Coculture_EXP_H11,GTACCTAACGCAG,CTCTCTAC,,,
0,KLENOW_SPLIT1_Coculture_EXP,KLENOW_SPLIT1_Coculture_EXP_H12,GGTCAGGTTCAGG,CTCTCTAC,,,
0,KLENOW_LIB2_KL_4HR_COCULTURE,KLENOW_LIB2_KL_4HR_COCULTURE_A1,AAGTGATTAGCAA,TCCTGAGC,,,
0,KLENOW_LIB2_KL_4HR_COCULTURE,KLENOW_LIB2_KL_4HR_COCULTURE_A2,AGAATCCCCCTAA,TCCTGAGC,,,
0,KLENOW_LIB2_KL_4HR_COCULTURE,KLENOW_LIB2_KL_4HR_COCULTURE_A3,ACCTGGGAAACTA,TCCTGAGC,,,
0,KLENOW_LIB2_KL_4HR_COCULTURE,KLENOW_LIB2_KL_4HR_COCULTURE_A4,ATACCTCCCAGGA,TCCTGAGC,,,
0,KLENOW_LIB2_KL_4HR_COCULTURE,KLENOW_LIB2_KL_4HR_COCULTURE_A5,AATTTGTGGTATA,TCCTGAGC,,,
0,KLENOW_LIB2_KL_4HR_COCULTURE,KLENOW_LIB2_KL_4HR_COCULTURE_A6,ACCCGAGAGATCA,TCCTGAGC,,,
0,KLENOW_LIB2_KL_4HR_CEFOZOLIN,KLENOW_LIB2_KL_4HR_CEFOZOLIN_A7,AGAGTATAGGGTA,TCCTGAGC,,,
0,KLENOW_LIB2_KL_4HR_CEFOZOLIN,KLENOW_LIB2_KL_4HR_CEFOZOLIN_A8,ATCTTAATTGAGA,TCCTGAGC,,,
0,KLENOW_LIB2_KL_4HR_CEFOZOLIN,KLENOW_LIB2_KL_4HR_CEFOZOLIN_A9,AACGTTCTGTCGA,TCCTGAGC,,,
0,KLENOW_LIB2_KL_4HR_CEFOZOLIN,KLENOW_LIB2_KL_4HR_CEFOZOLIN_A10,ACATAATGGCGAA,TCCTGAGC,,,
0,KLENOW_LIB2_KL_4HR_CEFOZOLIN,KLENOW_LIB2_KL_4HR_CEFOZOLIN_A11,AGGCCGGAACATA,TCCTGAGC,,,
0,KLENOW_LIB2_KL_4HR_CEFOZOLIN,KLENOW_LIB2_KL_4HR_CEFOZOLIN_A12,ATCACTTCAAGAA,TCCTGAGC,,,
0,KLENOW_LIB2_KL_4HR_CIPRO,KLENOW_LIB2_KL_4HR_CIPRO_B1,AAGCTGGCCTTCA,TCCTGAGC,,,
0,KLENOW_LIB2_KL_4HR_CIPRO,KLENOW_LIB2_KL_4HR_CIPRO_B2,ACTGCACATTGGA,TCCTGAGC,,,
0,KLENOW_LIB2_KL_4HR_CIPRO,KLENOW_LIB2_KL_4HR_CIPRO_B3,AGGTCCTTCGATA,TCCTGAGC,,,
0,KLENOW_LIB2_KL_4HR_CIPRO,KLENOW_LIB2_KL_4HR_CIPRO_B4,ATTCGCACCCGAA,TCCTGAGC,,,
0,KLENOW_LIB2_KL_4HR_CIPRO,KLENOW_LIB2_KL_4HR_CIPRO_B5,ACCGTAAATTACA,TCCTGAGC,,,
0,KLENOW_LIB2_KL_4HR_CIPRO,KLENOW_LIB2_KL_4HR_CIPRO_B6,AGTAGTCGATATA,TCCTGAGC,,,
0,KLENOW_LIB2_KL_2HR_CEFOZOLIN,KLENOW_LIB2_KL_2HR_CEFOZOLIN_B7,ATGTAAGAATCAA,TCCTGAGC,,,
0,KLENOW_LIB2_KL_2HR_CEFOZOLIN,KLENOW_LIB2_KL_2HR_CEFOZOLIN_B8,AAGGCCCGCCGTA,TCCTGAGC,,,
0,KLENOW_LIB2_KL_2HR_CEFOZOLIN,KLENOW_LIB2_KL_2HR_CEFOZOLIN_B9,ACTCCACGCAAGA,TCCTGAGC,,,
0,KLENOW_LIB2_KL_2HR_CEFOZOLIN,KLENOW_LIB2_KL_2HR_CEFOZOLIN_B10,AGTCTTTGATTAA,TCCTGAGC,,,
0,KLENOW_LIB2_KL_2HR_CEFOZOLIN,KLENOW_LIB2_KL_2HR_CEFOZOLIN_B11,ATAGAGCCCGCCA,TCCTGAGC,,,
0,KLENOW_LIB2_KL_2HR_CEFOZOLIN,KLENOW_LIB2_KL_2HR_CEFOZOLIN_B12,AAGAAATGGAGGA,TCCTGAGC,,,
0,KLENOW_LIB2_KL_2HR_CIPRO,KLENOW_LIB2_KL_2HR_CIPRO_C1,TCAGCGCTGGTTA,TCCTGAGC,,,
0,KLENOW_LIB2_KL_2HR_CIPRO,KLENOW_LIB2_KL_2HR_CIPRO_C2,TGTTGACGAATAA,TCCTGAGC,,,
0,KLENOW_LIB2_KL_2HR_CIPRO,KLENOW_LIB2_KL_2HR_CIPRO_C3,TTGCATCAGCGCA,TCCTGAGC,,,
0,KLENOW_LIB2_KL_2HR_CIPRO,KLENOW_LIB2_KL_2HR_CIPRO_C4,TAGCCATATGAGA,TCCTGAGC,,,
0,KLENOW_LIB2_KL_2HR_CIPRO,KLENOW_LIB2_KL_2HR_CIPRO_C5,TCCTGCCCCTGTA,TCCTGAGC,,,
0,KLENOW_LIB2_KL_2HR_CIPRO,KLENOW_LIB2_KL_2HR_CIPRO_C6,TGGTATAAAACCA,TCCTGAGC,,,
0,KLENOW_LIB2_KL_2HR_CIPRO,KLENOW_LIB2_KL_2HR_CIPRO_C7,TTAAAGTCATGCA,TCCTGAGC,,,
0,KLENOW_LIB2_KL_2HR_CIPRO,KLENOW_LIB2_KL_2HR_CIPRO_C8,TAGAACTCAGAAA,TCCTGAGC,,,
0,KLENOW_LIB2_KL_2HR_OSMOTIC,KLENOW_LIB2_KL_2HR_OSMOTIC_C9,TCAGCTTAATCGC,TCCTGAGC,,,
0,KLENOW_LIB2_KL_2HR_OSMOTIC,KLENOW_LIB2_KL_2HR_OSMOTIC_C10,TGGCTTAAGAGAC,TCCTGAGC,,,
0,KLENOW_LIB2_KL_2HR_OSMOTIC,KLENOW_LIB2_KL_2HR_OSMOTIC_C11,TTCACCTGTCGGC,TCCTGAGC,,,
0,KLENOW_LIB2_KL_2HR_OSMOTIC,KLENOW_LIB2_KL_2HR_OSMOTIC_C12,TATAGTGATACTC,TCCTGAGC,,,
0,KLENOW_LIB2_KL_2HR_OSMOTIC,KLENOW_LIB2_KL_2HR_OSMOTIC_D1,TCATCAGCGAACC,TCCTGAGC,,,
0,KLENOW_LIB2_KL_2HR_OSMOTIC,KLENOW_LIB2_KL_2HR_OSMOTIC_D2,TGCGCCATGGGAC,TCCTGAGC,,,
0,KLENOW_LIB2_KL_2HR_OSMOTIC,KLENOW_LIB2_KL_2HR_OSMOTIC_D3,TTGTTGAACTCCC,TCCTGAGC,,,
0,KLENOW_LIB2_KL_2HR_OSMOTIC,KLENOW_LIB2_KL_2HR_OSMOTIC_D4,TATATACGCAGTC,TCCTGAGC,,,
0,KLENOW_LIB2_KL_2HR_HEAT,KLENOW_LIB2_KL_2HR_HEAT_D5,TCGCACGACGTAC,TCCTGAGC,,,
0,KLENOW_LIB2_KL_2HR_HEAT,KLENOW_LIB2_KL_2HR_HEAT_D6,TGGGACAGAAGGC,TCCTGAGC,,,
0,KLENOW_LIB2_KL_2HR_HEAT,KLENOW_LIB2_KL_2HR_HEAT_D7,TTTAACAAGTATC,TCCTGAGC,,,
0,KLENOW_LIB2_KL_2HR_HEAT,KLENOW_LIB2_KL_2HR_HEAT_D8,TACTCCTGGGTAC,TCCTGAGC,,,
0,KLENOW_LIB2_KL_2HR_HEAT,KLENOW_LIB2_KL_2HR_HEAT_D9,TCAGAAAACCCCC,TCCTGAGC,,,
0,KLENOW_LIB2_KL_2HR_HEAT,KLENOW_LIB2_KL_2HR_HEAT_D10,TGCACGAGCAGTC,TCCTGAGC,,,
0,KLENOW_LIB2_KL_2HR_HEAT,KLENOW_LIB2_KL_2HR_HEAT_D11,TTATTATGCTTCC,TCCTGAGC,,,
0,KLENOW_LIB2_KL_2HR_HEAT,KLENOW_LIB2_KL_2HR_HEAT_D12,TAGCGACTGTATC,TCCTGAGC,,,
0,KLENOW_LIB2_KL_STATIONARY,KLENOW_LIB2_KL_STATIONARY_E1,CCCTTGCGACAGC,TCCTGAGC,,,
0,KLENOW_LIB2_KL_STATIONARY,KLENOW_LIB2_KL_STATIONARY_E2,CGTTAGATTGCAC,TCCTGAGC,,,
0,KLENOW_LIB2_KL_STATIONARY,KLENOW_LIB2_KL_STATIONARY_E3,CTAAATACCATCC,TCCTGAGC,,,
0,KLENOW_LIB2_KL_STATIONARY,KLENOW_LIB2_KL_STATIONARY_E4,CATATTTTTTAGC,TCCTGAGC,,,
0,KLENOW_LIB2_KL_STATIONARY,KLENOW_LIB2_KL_STATIONARY_E5,CCCCTAAACGCTC,TCCTGAGC,,,
0,KLENOW_LIB2_KL_STATIONARY,KLENOW_LIB2_KL_STATIONARY_E6,CGATTGTTAGGAC,TCCTGAGC,,,
0,KLENOW_LIB2_KL_STATIONARY,KLENOW_LIB2_KL_STATIONARY_E7,CTACCGAGTCTCC,TCCTGAGC,,,
0,KLENOW_LIB2_KL_STATIONARY,KLENOW_LIB2_KL_STATIONARY_E8,CAGAACAAATTGC,TCCTGAGC,,,
0,KLENOW_LIB2_KL_STATIONARY,KLENOW_LIB2_KL_STATIONARY_E9,CCTTGATCTCATC,TCCTGAGC,,,
0,KLENOW_LIB2_KL_STATIONARY,KLENOW_LIB2_KL_STATIONARY_E10,CGCCACGCGTTAC,TCCTGAGC,,,
0,KLENOW_LIB2_KL_STATIONARY,KLENOW_LIB2_KL_STATIONARY_E11,CTATAGATACGGC,TCCTGAGC,,,
0,KLENOW_LIB2_KL_STATIONARY,KLENOW_LIB2_KL_STATIONARY_E12,CATACCCAGCCAC,TCCTGAGC,,,
0,KLENOW_LIB2_KL_STATIONARY,KLENOW_LIB2_KL_STATIONARY_F1,CCCCGGATGTACC,TCCTGAGC,,,
0,KLENOW_LIB2_KL_STATIONARY,KLENOW_LIB2_KL_STATIONARY_F2,CGATCTCGGCTTC,TCCTGAGC,,,
0,KLENOW_LIB2_KL_STATIONARY,KLENOW_LIB2_KL_STATIONARY_F3,CTAGCCGCTTTGC,TCCTGAGC,,,
0,KLENOW_LIB2_KL_STATIONARY,KLENOW_LIB2_KL_STATIONARY_F4,CCTAAATACAGCC,TCCTGAGC,,,
0,KLENOW_LIB2_KL_STATIONARY,KLENOW_LIB2_KL_STATIONARY_F5,CGGGTTTTACCAG,TCCTGAGC,,,
0,KLENOW_LIB2_KL_STATIONARY,KLENOW_LIB2_KL_STATIONARY_F6,CATATCCATTGCG,TCCTGAGC,,,
0,KLENOW_LIB2_KL_M9,KLENOW_LIB2_KL_M9_F7,CCTCCCGAGAGTG,TCCTGAGC,,,
0,KLENOW_LIB2_KL_M10,KLENOW_LIB2_KL_M9_F8,CGAATATCTCCGG,TCCTGAGC,,,
0,KLENOW_LIB2_KL_M11,KLENOW_LIB2_KL_M9_F9,CTACTAACCCACG,TCCTGAGC,,,
0,KLENOW_LIB2_KL_M12,KLENOW_LIB2_KL_M9_F10,CAAATGATACAAG,TCCTGAGC,,,
0,KLENOW_LIB2_KL_M13,KLENOW_LIB2_KL_M9_F11,CCCCCATTATTTG,TCCTGAGC,,,
0,KLENOW_LIB2_KL_M14,KLENOW_LIB2_KL_M9_F12,CGAGTCGCGACGG,TCCTGAGC,,,
0,KLENOW_LIB2_KL_EXP,KLENOW_LIB2_KL_EXP_G1,GTGGTTGTGGCCG,TCCTGAGC,,,
0,KLENOW_LIB2_KL_EXP,KLENOW_LIB2_KL_EXP_G2,GATTCAAGGAAAG,TCCTGAGC,,,
0,KLENOW_LIB2_KL_EXP,KLENOW_LIB2_KL_EXP_G3,GCCAAGATCTGGG,TCCTGAGC,,,
0,KLENOW_LIB2_KL_EXP,KLENOW_LIB2_KL_EXP_G4,GATACTGTATCAG,TCCTGAGC,,,
0,KLENOW_LIB2_KL_EXP,KLENOW_LIB2_KL_EXP_G5,GCCGATTCGTGCG,TCCTGAGC,,,
0,KLENOW_LIB2_KL_EXP,KLENOW_LIB2_KL_EXP_G6,GTGACAACGCTGG,TCCTGAGC,,,
0,KLENOW_LIB2_KL_EXP,KLENOW_LIB2_KL_EXP_G7,GGGCTGTCTTATG,TCCTGAGC,,,
0,KLENOW_LIB2_KL_EXP,KLENOW_LIB2_KL_EXP_G8,GACCCTGGCCTGG,TCCTGAGC,,,
0,KLENOW_LIB2_KL_EXP,KLENOW_LIB2_KL_EXP_G9,GCGTACGCTTATG,TCCTGAGC,,,
0,KLENOW_LIB2_KL_EXP,KLENOW_LIB2_KL_EXP_G10,GTTGCACTTAATG,TCCTGAGC,,,
0,KLENOW_LIB2_KL_EXP,KLENOW_LIB2_KL_EXP_G11,GGACAAAGAGAAG,TCCTGAGC,,,
0,KLENOW_LIB2_KL_EXP,KLENOW_LIB2_KL_EXP_G12,GAACCACAGCACG,TCCTGAGC,,,
0,KLENOW_LIB2_KL_EXP,KLENOW_LIB2_KL_EXP_H1,GCTTATCTAGAGG,TCCTGAGC,,,
0,KLENOW_LIB2_KL_EXP,KLENOW_LIB2_KL_EXP_H2,GTAATGTGGTCAG,TCCTGAGC,,,
0,KLENOW_LIB2_KL_EXP,KLENOW_LIB2_KL_EXP_H3,GGCGCGCGAGCTG,TCCTGAGC,,,
0,KLENOW_LIB2_KL_EXP,KLENOW_LIB2_KL_EXP_H4,GTCCATGTGTGTG,TCCTGAGC,,,
0,KLENOW_LIB2_KL_EXP,KLENOW_LIB2_KL_EXP_H5,GGGAGGAATCCAG,TCCTGAGC,,,
0,KLENOW_LIB2_KL_EXP,KLENOW_LIB2_KL_EXP_H6,GATCAAAATAGGG,TCCTGAGC,,,
0,KLENOW_LIB2_KL_Coculture_EXP,KLENOW_LIB2_KL_Coculture_EXP_H7,GCAAGACTGCCAG,TCCTGAGC,,,
0,KLENOW_LIB2_KL_Coculture_EXP,KLENOW_LIB2_KL_Coculture_EXP_H8,GTAGGATGGACCG,TCCTGAGC,,,
0,KLENOW_LIB2_KL_Coculture_EXP,KLENOW_LIB2_KL_Coculture_EXP_H9,GGATCGGACCTAG,TCCTGAGC,,,
0,KLENOW_LIB2_KL_Coculture_EXP,KLENOW_LIB2_KL_Coculture_EXP_H10,GCCCAAAGGAATG,TCCTGAGC,,,
0,KLENOW_LIB2_KL_Coculture_EXP,KLENOW_LIB2_KL_Coculture_EXP_H11,GTACCTAACGCAG,TCCTGAGC,,,
0,KLENOW_LIB2_KL_Coculture_EXP,KLENOW_LIB2_KL_Coculture_EXP_H12,GGTCAGGTTCAGG,TCCTGAGC,,,
0,KLENOW_SPLIT1_Tn5_4HR_COCULTURE,KLENOW_SPLIT1_Tn5_4HR_COCULTURE_A1,AAGTGATTAGCAA,AAGAGGCA,,,
0,KLENOW_SPLIT1_Tn5_4HR_COCULTURE,KLENOW_SPLIT1_Tn5_4HR_COCULTURE_A2,AGAATCCCCCTAA,AAGAGGCA,,,
0,KLENOW_SPLIT1_Tn5_4HR_COCULTURE,KLENOW_SPLIT1_Tn5_4HR_COCULTURE_A3,ACCTGGGAAACTA,AAGAGGCA,,,
0,KLENOW_SPLIT1_Tn5_4HR_COCULTURE,KLENOW_SPLIT1_Tn5_4HR_COCULTURE_A4,ATACCTCCCAGGA,AAGAGGCA,,,
0,KLENOW_SPLIT1_Tn5_4HR_COCULTURE,KLENOW_SPLIT1_Tn5_4HR_COCULTURE_A5,AATTTGTGGTATA,AAGAGGCA,,,
0,KLENOW_SPLIT1_Tn5_4HR_COCULTURE,KLENOW_SPLIT1_Tn5_4HR_COCULTURE_A6,ACCCGAGAGATCA,AAGAGGCA,,,
0,KLENOW_SPLIT1_Tn5_4HR_CEFOZOLIN,KLENOW_SPLIT1_Tn5_4HR_CEFOZOLIN_A7,AGAGTATAGGGTA,AAGAGGCA,,,
0,KLENOW_SPLIT1_Tn5_4HR_CEFOZOLIN,KLENOW_SPLIT1_Tn5_4HR_CEFOZOLIN_A8,ATCTTAATTGAGA,AAGAGGCA,,,
0,KLENOW_SPLIT1_Tn5_4HR_CEFOZOLIN,KLENOW_SPLIT1_Tn5_4HR_CEFOZOLIN_A9,AACGTTCTGTCGA,AAGAGGCA,,,
0,KLENOW_SPLIT1_Tn5_4HR_CEFOZOLIN,KLENOW_SPLIT1_Tn5_4HR_CEFOZOLIN_A10,ACATAATGGCGAA,AAGAGGCA,,,
0,KLENOW_SPLIT1_Tn5_4HR_CEFOZOLIN,KLENOW_SPLIT1_Tn5_4HR_CEFOZOLIN_A11,AGGCCGGAACATA,AAGAGGCA,,,
0,KLENOW_SPLIT1_Tn5_4HR_CEFOZOLIN,KLENOW_SPLIT1_Tn5_4HR_CEFOZOLIN_A12,ATCACTTCAAGAA,AAGAGGCA,,,
0,KLENOW_SPLIT1_Tn5_4HR_CIPRO,KLENOW_SPLIT1_Tn5_4HR_CIPRO_B1,AAGCTGGCCTTCA,AAGAGGCA,,,
0,KLENOW_SPLIT1_Tn5_4HR_CIPRO,KLENOW_SPLIT1_Tn5_4HR_CIPRO_B2,ACTGCACATTGGA,AAGAGGCA,,,
0,KLENOW_SPLIT1_Tn5_4HR_CIPRO,KLENOW_SPLIT1_Tn5_4HR_CIPRO_B3,AGGTCCTTCGATA,AAGAGGCA,,,
0,KLENOW_SPLIT1_Tn5_4HR_CIPRO,KLENOW_SPLIT1_Tn5_4HR_CIPRO_B4,ATTCGCACCCGAA,AAGAGGCA,,,
0,KLENOW_SPLIT1_Tn5_4HR_CIPRO,KLENOW_SPLIT1_Tn5_4HR_CIPRO_B5,ACCGTAAATTACA,AAGAGGCA,,,
0,KLENOW_SPLIT1_Tn5_4HR_CIPRO,KLENOW_SPLIT1_Tn5_4HR_CIPRO_B6,AGTAGTCGATATA,AAGAGGCA,,,
0,KLENOW_SPLIT1_Tn5_2HR_CEFOZOLIN,KLENOW_SPLIT1_Tn5_2HR_CEFOZOLIN_B7,ATGTAAGAATCAA,AAGAGGCA,,,
0,KLENOW_SPLIT1_Tn5_2HR_CEFOZOLIN,KLENOW_SPLIT1_Tn5_2HR_CEFOZOLIN_B8,AAGGCCCGCCGTA,AAGAGGCA,,,
0,KLENOW_SPLIT1_Tn5_2HR_CEFOZOLIN,KLENOW_SPLIT1_Tn5_2HR_CEFOZOLIN_B9,ACTCCACGCAAGA,AAGAGGCA,,,
0,KLENOW_SPLIT1_Tn5_2HR_CEFOZOLIN,KLENOW_SPLIT1_Tn5_2HR_CEFOZOLIN_B10,AGTCTTTGATTAA,AAGAGGCA,,,
0,KLENOW_SPLIT1_Tn5_2HR_CEFOZOLIN,KLENOW_SPLIT1_Tn5_2HR_CEFOZOLIN_B11,ATAGAGCCCGCCA,AAGAGGCA,,,
0,KLENOW_SPLIT1_Tn5_2HR_CEFOZOLIN,KLENOW_SPLIT1_Tn5_2HR_CEFOZOLIN_B12,AAGAAATGGAGGA,AAGAGGCA,,,
0,KLENOW_SPLIT1_Tn5_2HR_CIPRO,KLENOW_SPLIT1_Tn5_2HR_CIPRO_C1,TCAGCGCTGGTTA,AAGAGGCA,,,
0,KLENOW_SPLIT1_Tn5_2HR_CIPRO,KLENOW_SPLIT1_Tn5_2HR_CIPRO_C2,TGTTGACGAATAA,AAGAGGCA,,,
0,KLENOW_SPLIT1_Tn5_2HR_CIPRO,KLENOW_SPLIT1_Tn5_2HR_CIPRO_C3,TTGCATCAGCGCA,AAGAGGCA,,,
0,KLENOW_SPLIT1_Tn5_2HR_CIPRO,KLENOW_SPLIT1_Tn5_2HR_CIPRO_C4,TAGCCATATGAGA,AAGAGGCA,,,
0,KLENOW_SPLIT1_Tn5_2HR_CIPRO,KLENOW_SPLIT1_Tn5_2HR_CIPRO_C5,TCCTGCCCCTGTA,AAGAGGCA,,,
0,KLENOW_SPLIT1_Tn5_2HR_CIPRO,KLENOW_SPLIT1_Tn5_2HR_CIPRO_C6,TGGTATAAAACCA,AAGAGGCA,,,
0,KLENOW_SPLIT1_Tn5_2HR_CIPRO,KLENOW_SPLIT1_Tn5_2HR_CIPRO_C7,TTAAAGTCATGCA,AAGAGGCA,,,
0,KLENOW_SPLIT1_Tn5_2HR_CIPRO,KLENOW_SPLIT1_Tn5_2HR_CIPRO_C8,TAGAACTCAGAAA,AAGAGGCA,,,
0,KLENOW_SPLIT1_Tn5_2HR_OSMOTIC,KLENOW_SPLIT1_Tn5_2HR_OSMOTIC_C9,TCAGCTTAATCGC,AAGAGGCA,,,
0,KLENOW_SPLIT1_Tn5_2HR_OSMOTIC,KLENOW_SPLIT1_Tn5_2HR_OSMOTIC_C10,TGGCTTAAGAGAC,AAGAGGCA,,,
0,KLENOW_SPLIT1_Tn5_2HR_OSMOTIC,KLENOW_SPLIT1_Tn5_2HR_OSMOTIC_C11,TTCACCTGTCGGC,AAGAGGCA,,,
0,KLENOW_SPLIT1_Tn5_2HR_OSMOTIC,KLENOW_SPLIT1_Tn5_2HR_OSMOTIC_C12,TATAGTGATACTC,AAGAGGCA,,,
0,KLENOW_SPLIT1_Tn5_2HR_OSMOTIC,KLENOW_SPLIT1_Tn5_2HR_OSMOTIC_D1,TCATCAGCGAACC,AAGAGGCA,,,
0,KLENOW_SPLIT1_Tn5_2HR_OSMOTIC,KLENOW_SPLIT1_Tn5_2HR_OSMOTIC_D2,TGCGCCATGGGAC,AAGAGGCA,,,
0,KLENOW_SPLIT1_Tn5_2HR_OSMOTIC,KLENOW_SPLIT1_Tn5_2HR_OSMOTIC_D3,TTGTTGAACTCCC,AAGAGGCA,,,
0,KLENOW_SPLIT1_Tn5_2HR_OSMOTIC,KLENOW_SPLIT1_Tn5_2HR_OSMOTIC_D4,TATATACGCAGTC,AAGAGGCA,,,
0,KLENOW_SPLIT1_Tn5_2HR_HEAT,KLENOW_SPLIT1_Tn5_2HR_HEAT_D5,TCGCACGACGTAC,AAGAGGCA,,,
0,KLENOW_SPLIT1_Tn5_2HR_HEAT,KLENOW_SPLIT1_Tn5_2HR_HEAT_D6,TGGGACAGAAGGC,AAGAGGCA,,,
0,KLENOW_SPLIT1_Tn5_2HR_HEAT,KLENOW_SPLIT1_Tn5_2HR_HEAT_D7,TTTAACAAGTATC,AAGAGGCA,,,
0,KLENOW_SPLIT1_Tn5_2HR_HEAT,KLENOW_SPLIT1_Tn5_2HR_HEAT_D8,TACTCCTGGGTAC,AAGAGGCA,,,
0,KLENOW_SPLIT1_Tn5_2HR_HEAT,KLENOW_SPLIT1_Tn5_2HR_HEAT_D9,TCAGAAAACCCCC,AAGAGGCA,,,
0,KLENOW_SPLIT1_Tn5_2HR_HEAT,KLENOW_SPLIT1_Tn5_2HR_HEAT_D10,TGCACGAGCAGTC,AAGAGGCA,,,
0,KLENOW_SPLIT1_Tn5_2HR_HEAT,KLENOW_SPLIT1_Tn5_2HR_HEAT_D11,TTATTATGCTTCC,AAGAGGCA,,,
0,KLENOW_SPLIT1_Tn5_2HR_HEAT,KLENOW_SPLIT1_Tn5_2HR_HEAT_D12,TAGCGACTGTATC,AAGAGGCA,,,
0,KLENOW_SPLIT1_Tn5_STATIONARY,KLENOW_SPLIT1_Tn5_STATIONARY_E1,CCCTTGCGACAGC,AAGAGGCA,,,
0,KLENOW_SPLIT1_Tn5_STATIONARY,KLENOW_SPLIT1_Tn5_STATIONARY_E2,CGTTAGATTGCAC,AAGAGGCA,,,
0,KLENOW_SPLIT1_Tn5_STATIONARY,KLENOW_SPLIT1_Tn5_STATIONARY_E3,CTAAATACCATCC,AAGAGGCA,,,
0,KLENOW_SPLIT1_Tn5_STATIONARY,KLENOW_SPLIT1_Tn5_STATIONARY_E4,CATATTTTTTAGC,AAGAGGCA,,,
0,KLENOW_SPLIT1_Tn5_STATIONARY,KLENOW_SPLIT1_Tn5_STATIONARY_E5,CCCCTAAACGCTC,AAGAGGCA,,,
0,KLENOW_SPLIT1_Tn5_STATIONARY,KLENOW_SPLIT1_Tn5_STATIONARY_E6,CGATTGTTAGGAC,AAGAGGCA,,,
0,KLENOW_SPLIT1_Tn5_STATIONARY,KLENOW_SPLIT1_Tn5_STATIONARY_E7,CTACCGAGTCTCC,AAGAGGCA,,,
0,KLENOW_SPLIT1_Tn5_STATIONARY,KLENOW_SPLIT1_Tn5_STATIONARY_E8,CAGAACAAATTGC,AAGAGGCA,,,
0,KLENOW_SPLIT1_Tn5_STATIONARY,KLENOW_SPLIT1_Tn5_STATIONARY_E9,CCTTGATCTCATC,AAGAGGCA,,,
0,KLENOW_SPLIT1_Tn5_STATIONARY,KLENOW_SPLIT1_Tn5_STATIONARY_E10,CGCCACGCGTTAC,AAGAGGCA,,,
0,KLENOW_SPLIT1_Tn5_STATIONARY,KLENOW_SPLIT1_Tn5_STATIONARY_E11,CTATAGATACGGC,AAGAGGCA,,,
0,KLENOW_SPLIT1_Tn5_STATIONARY,KLENOW_SPLIT1_Tn5_STATIONARY_E12,CATACCCAGCCAC,AAGAGGCA,,,
0,KLENOW_SPLIT1_Tn5_STATIONARY,KLENOW_SPLIT1_Tn5_STATIONARY_F1,CCCCGGATGTACC,AAGAGGCA,,,
0,KLENOW_SPLIT1_Tn5_STATIONARY,KLENOW_SPLIT1_Tn5_STATIONARY_F2,CGATCTCGGCTTC,AAGAGGCA,,,
0,KLENOW_SPLIT1_Tn5_STATIONARY,KLENOW_SPLIT1_Tn5_STATIONARY_F3,CTAGCCGCTTTGC,AAGAGGCA,,,
0,KLENOW_SPLIT1_Tn5_STATIONARY,KLENOW_SPLIT1_Tn5_STATIONARY_F4,CCTAAATACAGCC,AAGAGGCA,,,
0,KLENOW_SPLIT1_Tn5_STATIONARY,KLENOW_SPLIT1_Tn5_STATIONARY_F5,CGGGTTTTACCAG,AAGAGGCA,,,
0,KLENOW_SPLIT1_Tn5_STATIONARY,KLENOW_SPLIT1_Tn5_STATIONARY_F6,CATATCCATTGCG,AAGAGGCA,,,
0,KLENOW_SPLIT1_Tn5_M4,KLENOW_SPLIT1_Tn5_M9_F7,CCTCCCGAGAGTG,AAGAGGCA,,,
0,KLENOW_SPLIT1_Tn5_M5,KLENOW_SPLIT1_Tn5_M9_F8,CGAATATCTCCGG,AAGAGGCA,,,
0,KLENOW_SPLIT1_Tn5_M6,KLENOW_SPLIT1_Tn5_M9_F9,CTACTAACCCACG,AAGAGGCA,,,
0,KLENOW_SPLIT1_Tn5_M7,KLENOW_SPLIT1_Tn5_M9_F10,CAAATGATACAAG,AAGAGGCA,,,
0,KLENOW_SPLIT1_Tn5_M8,KLENOW_SPLIT1_Tn5_M9_F11,CCCCCATTATTTG,AAGAGGCA,,,
0,KLENOW_SPLIT1_Tn5_M9,KLENOW_SPLIT1_Tn5_M9_F12,CGAGTCGCGACGG,AAGAGGCA,,,
0,KLENOW_SPLIT1_Tn5_EXP,KLENOW_SPLIT1_Tn5_EXP_G1,GTGGTTGTGGCCG,AAGAGGCA,,,
0,KLENOW_SPLIT1_Tn5_EXP,KLENOW_SPLIT1_Tn5_EXP_G2,GATTCAAGGAAAG,AAGAGGCA,,,
0,KLENOW_SPLIT1_Tn5_EXP,KLENOW_SPLIT1_Tn5_EXP_G3,GCCAAGATCTGGG,AAGAGGCA,,,
0,KLENOW_SPLIT1_Tn5_EXP,KLENOW_SPLIT1_Tn5_EXP_G4,GATACTGTATCAG,AAGAGGCA,,,
0,KLENOW_SPLIT1_Tn5_EXP,KLENOW_SPLIT1_Tn5_EXP_G5,GCCGATTCGTGCG,AAGAGGCA,,,
0,KLENOW_SPLIT1_Tn5_EXP,KLENOW_SPLIT1_Tn5_EXP_G6,GTGACAACGCTGG,AAGAGGCA,,,
0,KLENOW_SPLIT1_Tn5_EXP,KLENOW_SPLIT1_Tn5_EXP_G7,GGGCTGTCTTATG,AAGAGGCA,,,
0,KLENOW_SPLIT1_Tn5_EXP,KLENOW_SPLIT1_Tn5_EXP_G8,GACCCTGGCCTGG,AAGAGGCA,,,
0,KLENOW_SPLIT1_Tn5_EXP,KLENOW_SPLIT1_Tn5_EXP_G9,GCGTACGCTTATG,AAGAGGCA,,,
0,KLENOW_SPLIT1_Tn5_EXP,KLENOW_SPLIT1_Tn5_EXP_G10,GTTGCACTTAATG,AAGAGGCA,,,
0,KLENOW_SPLIT1_Tn5_EXP,KLENOW_SPLIT1_Tn5_EXP_G11,GGACAAAGAGAAG,AAGAGGCA,,,
0,KLENOW_SPLIT1_Tn5_EXP,KLENOW_SPLIT1_Tn5_EXP_G12,GAACCACAGCACG,AAGAGGCA,,,
0,KLENOW_SPLIT1_Tn5_EXP,KLENOW_SPLIT1_Tn5_EXP_H1,GCTTATCTAGAGG,AAGAGGCA,,,
0,KLENOW_SPLIT1_Tn5_EXP,KLENOW_SPLIT1_Tn5_EXP_H2,GTAATGTGGTCAG,AAGAGGCA,,,
0,KLENOW_SPLIT1_Tn5_EXP,KLENOW_SPLIT1_Tn5_EXP_H3,GGCGCGCGAGCTG,AAGAGGCA,,,
0,KLENOW_SPLIT1_Tn5_EXP,KLENOW_SPLIT1_Tn5_EXP_H4,GTCCATGTGTGTG,AAGAGGCA,,,
0,KLENOW_SPLIT1_Tn5_EXP,KLENOW_SPLIT1_Tn5_EXP_H5,GGGAGGAATCCAG,AAGAGGCA,,,
0,KLENOW_SPLIT1_Tn5_EXP,KLENOW_SPLIT1_Tn5_EXP_H6,GATCAAAATAGGG,AAGAGGCA,,,
0,KLENOW_SPLIT1_Tn5_Coculture_EXP,KLENOW_SPLIT1_Tn5_Coculture_EXP_H7,GCAAGACTGCCAG,AAGAGGCA,,,
0,KLENOW_SPLIT1_Tn5_Coculture_EXP,KLENOW_SPLIT1_Tn5_Coculture_EXP_H8,GTAGGATGGACCG,AAGAGGCA,,,
0,KLENOW_SPLIT1_Tn5_Coculture_EXP,KLENOW_SPLIT1_Tn5_Coculture_EXP_H9,GGATCGGACCTAG,AAGAGGCA,,,
0,KLENOW_SPLIT1_Tn5_Coculture_EXP,KLENOW_SPLIT1_Tn5_Coculture_EXP_H10,GCCCAAAGGAATG,AAGAGGCA,,,
0,KLENOW_SPLIT1_Tn5_Coculture_EXP,KLENOW_SPLIT1_Tn5_Coculture_EXP_H11,GTACCTAACGCAG,AAGAGGCA,,,
0,KLENOW_SPLIT1_Tn5_Coculture_EXP,KLENOW_SPLIT1_Tn5_Coculture_EXP_H12,GGTCAGGTTCAGG,AAGAGGCA,,,