SKIP	LIBRARY_NAME	SAMPLE_NAME	BARCODE_1	BARCODE_2
0	TN5_TSO_CRISPRI	TN5_TSO_CRISPRI_A1	AAGTGATTAGCAA	TAAGGCGA
0	TN5_TSO_CRISPRI	TN5_TSO_CRISPRI_A2	AGAATCCCCCTAA	TAAGGCGA
0	TN5_TSO_CRISPRI	TN5_TSO_CRISPRI_A3	ACCTGGGAAACTA	TAAGGCGA
0	TN5_TSO_CRISPRI	TN5_TSO_CRISPRI_A4	ATACCTCCCAGGA	TAAGGCGA
0	TN5_TSO_CRISPRI	TN5_TSO_CRISPRI_A5	AATTTGTGGTATA	TAAGGCGA
0	TN5_TSO_CRISPRI	TN5_TSO_CRISPRI_A6	ACCCGAGAGATCA	TAAGGCGA
0	TN5_TSO_CRISPRI	TN5_TSO_CRISPRI_A7	AGAGTATAGGGTA	TAAGGCGA
0	TN5_TSO_CRISPRI	TN5_TSO_CRISPRI_A8	ATCTTAATTGAGA	TAAGGCGA
0	TN5_TSO_EXP_MIX	TN5_TSO_EXP_MIX_A9	AACGTTCTGTCGA	TAAGGCGA
0	TN5_TSO_EXP_MIX	TN5_TSO_EXP_MIX_A10	ACATAATGGCGAA	TAAGGCGA
0	TN5_TSO_EXP_MIX	TN5_TSO_EXP_MIX_A11	AGGCCGGAACATA	TAAGGCGA
0	TN5_TSO_EXP_MIX	TN5_TSO_EXP_MIX_A12	ATCACTTCAAGAA	TAAGGCGA
0	TN5_TSO_EXP_MIX	TN5_TSO_EXP_MIX_B1	AAGCTGGCCTTCA	TAAGGCGA
0	TN5_TSO_EXP_MIX	TN5_TSO_EXP_MIX_B2	ACTGCACATTGGA	TAAGGCGA
0	TN5_TSO_EXP_MIX	TN5_TSO_EXP_MIX_B3	AGGTCCTTCGATA	TAAGGCGA
0	TN5_TSO_EXP_MIX	TN5_TSO_EXP_MIX_B4	ATTCGCACCCGAA	TAAGGCGA
0	TN5_TSO_STAT_MIX	TN5_TSO_STAT_MIX_B5	ACCGTAAATTACA	TAAGGCGA
0	TN5_TSO_STAT_MIX	TN5_TSO_STAT_MIX_B6	AGTAGTCGATATA	TAAGGCGA
0	TN5_TSO_STAT_MIX	TN5_TSO_STAT_MIX_B7	ATGTAAGAATCAA	TAAGGCGA
0	TN5_TSO_STAT_MIX	TN5_TSO_STAT_MIX_B8	AAGGCCCGCCGTA	TAAGGCGA
0	TN5_TSO_STAT_MIX	TN5_TSO_STAT_MIX_B9	ACTCCACGCAAGA	TAAGGCGA
0	TN5_TSO_STAT_MIX	TN5_TSO_STAT_MIX_B10	AGTCTTTGATTAA	TAAGGCGA
0	TN5_TSO_STAT_MIX	TN5_TSO_STAT_MIX_B11	ATAGAGCCCGCCA	TAAGGCGA
0	TN5_TSO_STAT_MIX	TN5_TSO_STAT_MIX_B12	AAGAAATGGAGGA	TAAGGCGA
0	TN5_TSO_SCH_EXP	TN5_TSO_SCH_EXP_C1	TCAGCGCTGGTTA	TAAGGCGA
0	TN5_TSO_SCH_EXP	TN5_TSO_SCH_EXP_C2	TGTTGACGAATAA	TAAGGCGA
0	TN5_TSO_SCH_EXP	TN5_TSO_SCH_EXP_C3	TTGCATCAGCGCA	TAAGGCGA
0	TN5_TSO_SCH_EXP	TN5_TSO_SCH_EXP_C4	TAGCCATATGAGA	TAAGGCGA
0	TN5_TSO_SCH_EXP	TN5_TSO_SCH_EXP_C5	TCCTGCCCCTGTA	TAAGGCGA
0	TN5_TSO_SCH_EXP	TN5_TSO_SCH_EXP_C6	TGGTATAAAACCA	TAAGGCGA
0	TN5_TSO_SCH_EXP	TN5_TSO_SCH_EXP_C7	TTAAAGTCATGCA	TAAGGCGA
0	TN5_TSO_SCH_EXP	TN5_TSO_SCH_EXP_C8	TAGAACTCAGAAA	TAAGGCGA
0	TN5_TSO_SCH_EXP	TN5_TSO_SCH_EXP_C9	TCAGCTTAATCGC	TAAGGCGA
0	TN5_TSO_SCH_EXP	TN5_TSO_SCH_EXP_C10	TGGCTTAAGAGAC	TAAGGCGA
0	TN5_TSO_SCH_EXP	TN5_TSO_SCH_EXP_C11	TTCACCTGTCGGC	TAAGGCGA
0	TN5_TSO_SCH_EXP	TN5_TSO_SCH_EXP_C12	TATAGTGATACTC	TAAGGCGA
0	TN5_TSO_SCH_EXP	TN5_TSO_SCH_EXP_D1	TCATCAGCGAACC	TAAGGCGA
0	TN5_TSO_SCH_EXP	TN5_TSO_SCH_EXP_D2	TGCGCCATGGGAC	TAAGGCGA
0	TN5_TSO_SCH_EXP	TN5_TSO_SCH_EXP_D3	TTGTTGAACTCCC	TAAGGCGA
0	TN5_TSO_SCH_EXP	TN5_TSO_SCH_EXP_D4	TATATACGCAGTC	TAAGGCGA
0	TN5_TSO_30MIN_FIX	TN5_TSO_30MIN_FIX_D5	TCGCACGACGTAC	TAAGGCGA
0	TN5_TSO_30MIN_FIX	TN5_TSO_30MIN_FIX_D6	TGGGACAGAAGGC	TAAGGCGA
0	TN5_TSO_30MIN_FIX	TN5_TSO_30MIN_FIX_D7	TTTAACAAGTATC	TAAGGCGA
0	TN5_TSO_30MIN_FIX	TN5_TSO_30MIN_FIX_D8	TACTCCTGGGTAC	TAAGGCGA
0	TN5_TSO_30MIN_FIX	TN5_TSO_30MIN_FIX_D9	TCAGAAAACCCCC	TAAGGCGA
0	TN5_TSO_30MIN_FIX	TN5_TSO_30MIN_FIX_D10	TGCACGAGCAGTC	TAAGGCGA
0	TN5_TSO_30MIN_FIX	TN5_TSO_30MIN_FIX_D11	TTATTATGCTTCC	TAAGGCGA
0	TN5_TSO_30MIN_FIX	TN5_TSO_30MIN_FIX_D12	TAGCGACTGTATC	TAAGGCGA
0	TN5_TSO_30MIN_FIX	TN5_TSO_30MIN_FIX_E1	CCCTTGCGACAGC	TAAGGCGA
0	TN5_TSO_30MIN_FIX	TN5_TSO_30MIN_FIX_E2	CGTTAGATTGCAC	TAAGGCGA
0	TN5_TSO_30MIN_FIX	TN5_TSO_30MIN_FIX_E3	CTAAATACCATCC	TAAGGCGA
0	TN5_TSO_30MIN_FIX	TN5_TSO_30MIN_FIX_E4	CATATTTTTTAGC	TAAGGCGA
0	TN5_TSO_30MIN_FIX	TN5_TSO_30MIN_FIX_E5	CCCCTAAACGCTC	TAAGGCGA
0	TN5_TSO_30MIN_FIX	TN5_TSO_30MIN_FIX_E6	CGATTGTTAGGAC	TAAGGCGA
0	TN5_TSO_30MIN_FIX	TN5_TSO_30MIN_FIX_E7	CTACCGAGTCTCC	TAAGGCGA
0	TN5_TSO_30MIN_FIX	TN5_TSO_30MIN_FIX_E8	CAGAACAAATTGC	TAAGGCGA
0	TN5_TSO_16HR_STAT	TN5_TSO_16HR_STAT_E9	CCTTGATCTCATC	TAAGGCGA
0	TN5_TSO_16HR_STAT	TN5_TSO_16HR_STAT_E10	CGCCACGCGTTAC	TAAGGCGA
0	TN5_TSO_16HR_STAT	TN5_TSO_16HR_STAT_E11	CTATAGATACGGC	TAAGGCGA
0	TN5_TSO_16HR_STAT	TN5_TSO_16HR_STAT_E12	CATACCCAGCCAC	TAAGGCGA
0	TN5_TSO_16HR_STAT	TN5_TSO_16HR_STAT_F1	CCCCGGATGTACC	TAAGGCGA
0	TN5_TSO_16HR_STAT	TN5_TSO_16HR_STAT_F2	CGATCTCGGCTTC	TAAGGCGA
0	TN5_TSO_16HR_STAT	TN5_TSO_16HR_STAT_F3	CTAGCCGCTTTGC	TAAGGCGA
0	TN5_TSO_16HR_STAT	TN5_TSO_16HR_STAT_F4	CCTAAATACAGCC	TAAGGCGA
0	TN5_TSO_16HR_STAT	TN5_TSO_16HR_STAT_F5	CGGGTTTTACCAG	TAAGGCGA
0	TN5_TSO_16HR_STAT	TN5_TSO_16HR_STAT_F6	CATATCCATTGCG	TAAGGCGA
0	TN5_TSO_16HR_STAT	TN5_TSO_16HR_STAT_F7	CCTCCCGAGAGTG	TAAGGCGA
0	TN5_TSO_16HR_STAT	TN5_TSO_16HR_STAT_F8	CGAATATCTCCGG	TAAGGCGA
0	TN5_TSO_16HR_STAT	TN5_TSO_16HR_STAT_F9	CTACTAACCCACG	TAAGGCGA
0	TN5_TSO_16HR_STAT	TN5_TSO_16HR_STAT_F10	CAAATGATACAAG	TAAGGCGA
0	TN5_TSO_16HR_STAT	TN5_TSO_16HR_STAT_F11	CCCCCATTATTTG	TAAGGCGA
0	TN5_TSO_16HR_STAT	TN5_TSO_16HR_STAT_F12	CGAGTCGCGACGG	TAAGGCGA
0	TN5_TSO_16HR_EXP	TN5_TSO_16HR_EXP_G1	GTGGTTGTGGCCG	TAAGGCGA
0	TN5_TSO_16HR_EXP	TN5_TSO_16HR_EXP_G2	GATTCAAGGAAAG	TAAGGCGA
0	TN5_TSO_16HR_EXP	TN5_TSO_16HR_EXP_G3	GCCAAGATCTGGG	TAAGGCGA
0	TN5_TSO_16HR_EXP	TN5_TSO_16HR_EXP_G4	GATACTGTATCAG	TAAGGCGA
0	TN5_TSO_16HR_EXP	TN5_TSO_16HR_EXP_G5	GCCGATTCGTGCG	TAAGGCGA
0	TN5_TSO_16HR_EXP	TN5_TSO_16HR_EXP_G6	GTGACAACGCTGG	TAAGGCGA
0	TN5_TSO_16HR_EXP	TN5_TSO_16HR_EXP_G7	GGGCTGTCTTATG	TAAGGCGA
0	TN5_TSO_16HR_EXP	TN5_TSO_16HR_EXP_G8	GACCCTGGCCTGG	TAAGGCGA
0	TN5_TSO_16HR_EXP	TN5_TSO_16HR_EXP_G9	GCGTACGCTTATG	TAAGGCGA
0	TN5_TSO_16HR_EXP	TN5_TSO_16HR_EXP_G10	GTTGCACTTAATG	TAAGGCGA
0	TN5_TSO_16HR_EXP	TN5_TSO_16HR_EXP_G11	GGACAAAGAGAAG	TAAGGCGA
0	TN5_TSO_16HR_EXP	TN5_TSO_16HR_EXP_G12	GAACCACAGCACG	TAAGGCGA
0	TN5_TSO_16HR_EXP	TN5_TSO_16HR_EXP_H1	GCTTATCTAGAGG	TAAGGCGA
0	TN5_TSO_16HR_EXP	TN5_TSO_16HR_EXP_H2	GTAATGTGGTCAG	TAAGGCGA
0	TN5_TSO_16HR_EXP	TN5_TSO_16HR_EXP_H3	GGCGCGCGAGCTG	TAAGGCGA
0	TN5_TSO_16HR_EXP	TN5_TSO_16HR_EXP_H4	GTCCATGTGTGTG	TAAGGCGA
0	TN5_TSO_PENTA_EXP	TN5_TSO_PENTA_EXP_H5	GGGAGGAATCCAG	TAAGGCGA
0	TN5_TSO_PENTA_EXP	TN5_TSO_PENTA_EXP_H6	GATCAAAATAGGG	TAAGGCGA
0	TN5_TSO_PENTA_EXP	TN5_TSO_PENTA_EXP_H7	GCAAGACTGCCAG	TAAGGCGA
0	TN5_TSO_PENTA_EXP	TN5_TSO_PENTA_EXP_H8	GTAGGATGGACCG	TAAGGCGA
0	TN5_TSO_PENTA_EXP	TN5_TSO_PENTA_EXP_H9	GGATCGGACCTAG	TAAGGCGA
0	TN5_TSO_PENTA_EXP	TN5_TSO_PENTA_EXP_H10	GCCCAAAGGAATG	TAAGGCGA
0	TN5_TSO_PENTA_EXP	TN5_TSO_PENTA_EXP_H11	GTACCTAACGCAG	TAAGGCGA
0	TN5_TSO_PENTA_EXP	TN5_TSO_PENTA_EXP_H12	GGTCAGGTTCAGG	TAAGGCGA
0	TN5_KLENOW_CRISPRI	TN5_KLENOW_CRISPRI_A1	AAGTGATTAGCAA	CGTACTAG
0	TN5_KLENOW_CRISPRI	TN5_KLENOW_CRISPRI_A2	AGAATCCCCCTAA	CGTACTAG
0	TN5_KLENOW_CRISPRI	TN5_KLENOW_CRISPRI_A3	ACCTGGGAAACTA	CGTACTAG
0	TN5_KLENOW_CRISPRI	TN5_KLENOW_CRISPRI_A4	ATACCTCCCAGGA	CGTACTAG
0	TN5_KLENOW_CRISPRI	TN5_KLENOW_CRISPRI_A5	AATTTGTGGTATA	CGTACTAG
0	TN5_KLENOW_CRISPRI	TN5_KLENOW_CRISPRI_A6	ACCCGAGAGATCA	CGTACTAG
0	TN5_KLENOW_CRISPRI	TN5_KLENOW_CRISPRI_A7	AGAGTATAGGGTA	CGTACTAG
0	TN5_KLENOW_CRISPRI	TN5_KLENOW_CRISPRI_A8	ATCTTAATTGAGA	CGTACTAG
0	TN5_KLENOW_EXP_MIX	TN5_KLENOW_EXP_MIX_A9	AACGTTCTGTCGA	CGTACTAG
0	TN5_KLENOW_EXP_MIX	TN5_KLENOW_EXP_MIX_A10	ACATAATGGCGAA	CGTACTAG
0	TN5_KLENOW_EXP_MIX	TN5_KLENOW_EXP_MIX_A11	AGGCCGGAACATA	CGTACTAG
0	TN5_KLENOW_EXP_MIX	TN5_KLENOW_EXP_MIX_A12	ATCACTTCAAGAA	CGTACTAG
0	TN5_KLENOW_EXP_MIX	TN5_KLENOW_EXP_MIX_B1	AAGCTGGCCTTCA	CGTACTAG
0	TN5_KLENOW_EXP_MIX	TN5_KLENOW_EXP_MIX_B2	ACTGCACATTGGA	CGTACTAG
0	TN5_KLENOW_EXP_MIX	TN5_KLENOW_EXP_MIX_B3	AGGTCCTTCGATA	CGTACTAG
0	TN5_KLENOW_EXP_MIX	TN5_KLENOW_EXP_MIX_B4	ATTCGCACCCGAA	CGTACTAG
0	TN5_KLENOW_STAT_MIX	TN5_KLENOW_STAT_MIX_B5	ACCGTAAATTACA	CGTACTAG
0	TN5_KLENOW_STAT_MIX	TN5_KLENOW_STAT_MIX_B6	AGTAGTCGATATA	CGTACTAG
0	TN5_KLENOW_STAT_MIX	TN5_KLENOW_STAT_MIX_B7	ATGTAAGAATCAA	CGTACTAG
0	TN5_KLENOW_STAT_MIX	TN5_KLENOW_STAT_MIX_B8	AAGGCCCGCCGTA	CGTACTAG
0	TN5_KLENOW_STAT_MIX	TN5_KLENOW_STAT_MIX_B9	ACTCCACGCAAGA	CGTACTAG
0	TN5_KLENOW_STAT_MIX	TN5_KLENOW_STAT_MIX_B10	AGTCTTTGATTAA	CGTACTAG
0	TN5_KLENOW_STAT_MIX	TN5_KLENOW_STAT_MIX_B11	ATAGAGCCCGCCA	CGTACTAG
0	TN5_KLENOW_STAT_MIX	TN5_KLENOW_STAT_MIX_B12	AAGAAATGGAGGA	CGTACTAG
0	TN5_KLENOW_SCH_EXP	TN5_KLENOW_SCH_EXP_C1	TCAGCGCTGGTTA	CGTACTAG
0	TN5_KLENOW_SCH_EXP	TN5_KLENOW_SCH_EXP_C2	TGTTGACGAATAA	CGTACTAG
0	TN5_KLENOW_SCH_EXP	TN5_KLENOW_SCH_EXP_C3	TTGCATCAGCGCA	CGTACTAG
0	TN5_KLENOW_SCH_EXP	TN5_KLENOW_SCH_EXP_C4	TAGCCATATGAGA	CGTACTAG
0	TN5_KLENOW_SCH_EXP	TN5_KLENOW_SCH_EXP_C5	TCCTGCCCCTGTA	CGTACTAG
0	TN5_KLENOW_SCH_EXP	TN5_KLENOW_SCH_EXP_C6	TGGTATAAAACCA	CGTACTAG
0	TN5_KLENOW_SCH_EXP	TN5_KLENOW_SCH_EXP_C7	TTAAAGTCATGCA	CGTACTAG
0	TN5_KLENOW_SCH_EXP	TN5_KLENOW_SCH_EXP_C8	TAGAACTCAGAAA	CGTACTAG
0	TN5_KLENOW_SCH_EXP	TN5_KLENOW_SCH_EXP_C9	TCAGCTTAATCGC	CGTACTAG
0	TN5_KLENOW_SCH_EXP	TN5_KLENOW_SCH_EXP_C10	TGGCTTAAGAGAC	CGTACTAG
0	TN5_KLENOW_SCH_EXP	TN5_KLENOW_SCH_EXP_C11	TTCACCTGTCGGC	CGTACTAG
0	TN5_KLENOW_SCH_EXP	TN5_KLENOW_SCH_EXP_C12	TATAGTGATACTC	CGTACTAG
0	TN5_KLENOW_SCH_EXP	TN5_KLENOW_SCH_EXP_D1	TCATCAGCGAACC	CGTACTAG
0	TN5_KLENOW_SCH_EXP	TN5_KLENOW_SCH_EXP_D2	TGCGCCATGGGAC	CGTACTAG
0	TN5_KLENOW_SCH_EXP	TN5_KLENOW_SCH_EXP_D3	TTGTTGAACTCCC	CGTACTAG
0	TN5_KLENOW_SCH_EXP	TN5_KLENOW_SCH_EXP_D4	TATATACGCAGTC	CGTACTAG
0	TN5_KLENOW_30MIN_FIX	TN5_KLENOW_30MIN_FIX_D5	TCGCACGACGTAC	CGTACTAG
0	TN5_KLENOW_30MIN_FIX	TN5_KLENOW_30MIN_FIX_D6	TGGGACAGAAGGC	CGTACTAG
0	TN5_KLENOW_30MIN_FIX	TN5_KLENOW_30MIN_FIX_D7	TTTAACAAGTATC	CGTACTAG
0	TN5_KLENOW_30MIN_FIX	TN5_KLENOW_30MIN_FIX_D8	TACTCCTGGGTAC	CGTACTAG
0	TN5_KLENOW_30MIN_FIX	TN5_KLENOW_30MIN_FIX_D9	TCAGAAAACCCCC	CGTACTAG
0	TN5_KLENOW_30MIN_FIX	TN5_KLENOW_30MIN_FIX_D10	TGCACGAGCAGTC	CGTACTAG
0	TN5_KLENOW_30MIN_FIX	TN5_KLENOW_30MIN_FIX_D11	TTATTATGCTTCC	CGTACTAG
0	TN5_KLENOW_30MIN_FIX	TN5_KLENOW_30MIN_FIX_D12	TAGCGACTGTATC	CGTACTAG
0	TN5_KLENOW_30MIN_FIX	TN5_KLENOW_30MIN_FIX_E1	CCCTTGCGACAGC	CGTACTAG
0	TN5_KLENOW_30MIN_FIX	TN5_KLENOW_30MIN_FIX_E2	CGTTAGATTGCAC	CGTACTAG
0	TN5_KLENOW_30MIN_FIX	TN5_KLENOW_30MIN_FIX_E3	CTAAATACCATCC	CGTACTAG
0	TN5_KLENOW_30MIN_FIX	TN5_KLENOW_30MIN_FIX_E4	CATATTTTTTAGC	CGTACTAG
0	TN5_KLENOW_30MIN_FIX	TN5_KLENOW_30MIN_FIX_E5	CCCCTAAACGCTC	CGTACTAG
0	TN5_KLENOW_30MIN_FIX	TN5_KLENOW_30MIN_FIX_E6	CGATTGTTAGGAC	CGTACTAG
0	TN5_KLENOW_30MIN_FIX	TN5_KLENOW_30MIN_FIX_E7	CTACCGAGTCTCC	CGTACTAG
0	TN5_KLENOW_30MIN_FIX	TN5_KLENOW_30MIN_FIX_E8	CAGAACAAATTGC	CGTACTAG
0	TN5_KLENOW_16HR_STAT	TN5_KLENOW_16HR_STAT_E9	CCTTGATCTCATC	CGTACTAG
0	TN5_KLENOW_16HR_STAT	TN5_KLENOW_16HR_STAT_E10	CGCCACGCGTTAC	CGTACTAG
0	TN5_KLENOW_16HR_STAT	TN5_KLENOW_16HR_STAT_E11	CTATAGATACGGC	CGTACTAG
0	TN5_KLENOW_16HR_STAT	TN5_KLENOW_16HR_STAT_E12	CATACCCAGCCAC	CGTACTAG
0	TN5_KLENOW_16HR_STAT	TN5_KLENOW_16HR_STAT_F1	CCCCGGATGTACC	CGTACTAG
0	TN5_KLENOW_16HR_STAT	TN5_KLENOW_16HR_STAT_F2	CGATCTCGGCTTC	CGTACTAG
0	TN5_KLENOW_16HR_STAT	TN5_KLENOW_16HR_STAT_F3	CTAGCCGCTTTGC	CGTACTAG
0	TN5_KLENOW_16HR_STAT	TN5_KLENOW_16HR_STAT_F4	CCTAAATACAGCC	CGTACTAG
0	TN5_KLENOW_16HR_STAT	TN5_KLENOW_16HR_STAT_F5	CGGGTTTTACCAG	CGTACTAG
0	TN5_KLENOW_16HR_STAT	TN5_KLENOW_16HR_STAT_F6	CATATCCATTGCG	CGTACTAG
0	TN5_KLENOW_16HR_STAT	TN5_KLENOW_16HR_STAT_F7	CCTCCCGAGAGTG	CGTACTAG
0	TN5_KLENOW_16HR_STAT	TN5_KLENOW_16HR_STAT_F8	CGAATATCTCCGG	CGTACTAG
0	TN5_KLENOW_16HR_STAT	TN5_KLENOW_16HR_STAT_F9	CTACTAACCCACG	CGTACTAG
0	TN5_KLENOW_16HR_STAT	TN5_KLENOW_16HR_STAT_F10	CAAATGATACAAG	CGTACTAG
0	TN5_KLENOW_16HR_STAT	TN5_KLENOW_16HR_STAT_F11	CCCCCATTATTTG	CGTACTAG
0	TN5_KLENOW_16HR_STAT	TN5_KLENOW_16HR_STAT_F12	CGAGTCGCGACGG	CGTACTAG
0	TN5_KLENOW_16HR_EXP	TN5_KLENOW_16HR_EXP_G1	GTGGTTGTGGCCG	CGTACTAG
0	TN5_KLENOW_16HR_EXP	TN5_KLENOW_16HR_EXP_G2	GATTCAAGGAAAG	CGTACTAG
0	TN5_KLENOW_16HR_EXP	TN5_KLENOW_16HR_EXP_G3	GCCAAGATCTGGG	CGTACTAG
0	TN5_KLENOW_16HR_EXP	TN5_KLENOW_16HR_EXP_G4	GATACTGTATCAG	CGTACTAG
0	TN5_KLENOW_16HR_EXP	TN5_KLENOW_16HR_EXP_G5	GCCGATTCGTGCG	CGTACTAG
0	TN5_KLENOW_16HR_EXP	TN5_KLENOW_16HR_EXP_G6	GTGACAACGCTGG	CGTACTAG
0	TN5_KLENOW_16HR_EXP	TN5_KLENOW_16HR_EXP_G7	GGGCTGTCTTATG	CGTACTAG
0	TN5_KLENOW_16HR_EXP	TN5_KLENOW_16HR_EXP_G8	GACCCTGGCCTGG	CGTACTAG
0	TN5_KLENOW_16HR_EXP	TN5_KLENOW_16HR_EXP_G9	GCGTACGCTTATG	CGTACTAG
0	TN5_KLENOW_16HR_EXP	TN5_KLENOW_16HR_EXP_G10	GTTGCACTTAATG	CGTACTAG
0	TN5_KLENOW_16HR_EXP	TN5_KLENOW_16HR_EXP_G11	GGACAAAGAGAAG	CGTACTAG
0	TN5_KLENOW_16HR_EXP	TN5_KLENOW_16HR_EXP_G12	GAACCACAGCACG	CGTACTAG
0	TN5_KLENOW_16HR_EXP	TN5_KLENOW_16HR_EXP_H1	GCTTATCTAGAGG	CGTACTAG
0	TN5_KLENOW_16HR_EXP	TN5_KLENOW_16HR_EXP_H2	GTAATGTGGTCAG	CGTACTAG
0	TN5_KLENOW_16HR_EXP	TN5_KLENOW_16HR_EXP_H3	GGCGCGCGAGCTG	CGTACTAG
0	TN5_KLENOW_16HR_EXP	TN5_KLENOW_16HR_EXP_H4	GTCCATGTGTGTG	CGTACTAG
0	TN5_KLENOW_PENTA_EXP	TN5_KLENOW_PENTA_EXP_H5	GGGAGGAATCCAG	CGTACTAG
0	TN5_KLENOW_PENTA_EXP	TN5_KLENOW_PENTA_EXP_H6	GATCAAAATAGGG	CGTACTAG
0	TN5_KLENOW_PENTA_EXP	TN5_KLENOW_PENTA_EXP_H7	GCAAGACTGCCAG	CGTACTAG
0	TN5_KLENOW_PENTA_EXP	TN5_KLENOW_PENTA_EXP_H8	GTAGGATGGACCG	CGTACTAG
0	TN5_KLENOW_PENTA_EXP	TN5_KLENOW_PENTA_EXP_H9	GGATCGGACCTAG	CGTACTAG
0	TN5_KLENOW_PENTA_EXP	TN5_KLENOW_PENTA_EXP_H10	GCCCAAAGGAATG	CGTACTAG
0	TN5_KLENOW_PENTA_EXP	TN5_KLENOW_PENTA_EXP_H11	GTACCTAACGCAG	CGTACTAG
0	TN5_KLENOW_PENTA_EXP	TN5_KLENOW_PENTA_EXP_H12	GGTCAGGTTCAGG	CGTACTAG
0	KLENOW_TSO_CRISPRI	KLENOW_TSO_CRISPRI_A1	AAGTGATTAGCAA	AGGCAGAA
0	KLENOW_TSO_CRISPRI	KLENOW_TSO_CRISPRI_A2	AGAATCCCCCTAA	AGGCAGAA
0	KLENOW_TSO_CRISPRI	KLENOW_TSO_CRISPRI_A3	ACCTGGGAAACTA	AGGCAGAA
0	KLENOW_TSO_CRISPRI	KLENOW_TSO_CRISPRI_A4	ATACCTCCCAGGA	AGGCAGAA
0	KLENOW_TSO_CRISPRI	KLENOW_TSO_CRISPRI_A5	AATTTGTGGTATA	AGGCAGAA
0	KLENOW_TSO_CRISPRI	KLENOW_TSO_CRISPRI_A6	ACCCGAGAGATCA	AGGCAGAA
0	KLENOW_TSO_CRISPRI	KLENOW_TSO_CRISPRI_A7	AGAGTATAGGGTA	AGGCAGAA
0	KLENOW_TSO_CRISPRI	KLENOW_TSO_CRISPRI_A8	ATCTTAATTGAGA	AGGCAGAA
0	KLENOW_TSO_EXP_MIX	KLENOW_TSO_EXP_MIX_A9	AACGTTCTGTCGA	AGGCAGAA
0	KLENOW_TSO_EXP_MIX	KLENOW_TSO_EXP_MIX_A10	ACATAATGGCGAA	AGGCAGAA
0	KLENOW_TSO_EXP_MIX	KLENOW_TSO_EXP_MIX_A11	AGGCCGGAACATA	AGGCAGAA
0	KLENOW_TSO_EXP_MIX	KLENOW_TSO_EXP_MIX_A12	ATCACTTCAAGAA	AGGCAGAA
0	KLENOW_TSO_EXP_MIX	KLENOW_TSO_EXP_MIX_B1	AAGCTGGCCTTCA	AGGCAGAA
0	KLENOW_TSO_EXP_MIX	KLENOW_TSO_EXP_MIX_B2	ACTGCACATTGGA	AGGCAGAA
0	KLENOW_TSO_EXP_MIX	KLENOW_TSO_EXP_MIX_B3	AGGTCCTTCGATA	AGGCAGAA
0	KLENOW_TSO_EXP_MIX	KLENOW_TSO_EXP_MIX_B4	ATTCGCACCCGAA	AGGCAGAA
0	KLENOW_TSO_STAT_MIX	KLENOW_TSO_STAT_MIX_B5	ACCGTAAATTACA	AGGCAGAA
0	KLENOW_TSO_STAT_MIX	KLENOW_TSO_STAT_MIX_B6	AGTAGTCGATATA	AGGCAGAA
0	KLENOW_TSO_STAT_MIX	KLENOW_TSO_STAT_MIX_B7	ATGTAAGAATCAA	AGGCAGAA
0	KLENOW_TSO_STAT_MIX	KLENOW_TSO_STAT_MIX_B8	AAGGCCCGCCGTA	AGGCAGAA
0	KLENOW_TSO_STAT_MIX	KLENOW_TSO_STAT_MIX_B9	ACTCCACGCAAGA	AGGCAGAA
0	KLENOW_TSO_STAT_MIX	KLENOW_TSO_STAT_MIX_B10	AGTCTTTGATTAA	AGGCAGAA
0	KLENOW_TSO_STAT_MIX	KLENOW_TSO_STAT_MIX_B11	ATAGAGCCCGCCA	AGGCAGAA
0	KLENOW_TSO_STAT_MIX	KLENOW_TSO_STAT_MIX_B12	AAGAAATGGAGGA	AGGCAGAA
0	KLENOW_TSO_SCH_EXP	KLENOW_TSO_SCH_EXP_C1	TCAGCGCTGGTTA	AGGCAGAA
0	KLENOW_TSO_SCH_EXP	KLENOW_TSO_SCH_EXP_C2	TGTTGACGAATAA	AGGCAGAA
0	KLENOW_TSO_SCH_EXP	KLENOW_TSO_SCH_EXP_C3	TTGCATCAGCGCA	AGGCAGAA
0	KLENOW_TSO_SCH_EXP	KLENOW_TSO_SCH_EXP_C4	TAGCCATATGAGA	AGGCAGAA
0	KLENOW_TSO_SCH_EXP	KLENOW_TSO_SCH_EXP_C5	TCCTGCCCCTGTA	AGGCAGAA
0	KLENOW_TSO_SCH_EXP	KLENOW_TSO_SCH_EXP_C6	TGGTATAAAACCA	AGGCAGAA
0	KLENOW_TSO_SCH_EXP	KLENOW_TSO_SCH_EXP_C7	TTAAAGTCATGCA	AGGCAGAA
0	KLENOW_TSO_SCH_EXP	KLENOW_TSO_SCH_EXP_C8	TAGAACTCAGAAA	AGGCAGAA
0	KLENOW_TSO_SCH_EXP	KLENOW_TSO_SCH_EXP_C9	TCAGCTTAATCGC	AGGCAGAA
0	KLENOW_TSO_SCH_EXP	KLENOW_TSO_SCH_EXP_C10	TGGCTTAAGAGAC	AGGCAGAA
0	KLENOW_TSO_SCH_EXP	KLENOW_TSO_SCH_EXP_C11	TTCACCTGTCGGC	AGGCAGAA
0	KLENOW_TSO_SCH_EXP	KLENOW_TSO_SCH_EXP_C12	TATAGTGATACTC	AGGCAGAA
0	KLENOW_TSO_SCH_EXP	KLENOW_TSO_SCH_EXP_D1	TCATCAGCGAACC	AGGCAGAA
0	KLENOW_TSO_SCH_EXP	KLENOW_TSO_SCH_EXP_D2	TGCGCCATGGGAC	AGGCAGAA
0	KLENOW_TSO_SCH_EXP	KLENOW_TSO_SCH_EXP_D3	TTGTTGAACTCCC	AGGCAGAA
0	KLENOW_TSO_SCH_EXP	KLENOW_TSO_SCH_EXP_D4	TATATACGCAGTC	AGGCAGAA
0	KLENOW_TSO_30MIN_FIX	KLENOW_TSO_30MIN_FIX_D5	TCGCACGACGTAC	AGGCAGAA
0	KLENOW_TSO_30MIN_FIX	KLENOW_TSO_30MIN_FIX_D6	TGGGACAGAAGGC	AGGCAGAA
0	KLENOW_TSO_30MIN_FIX	KLENOW_TSO_30MIN_FIX_D7	TTTAACAAGTATC	AGGCAGAA
0	KLENOW_TSO_30MIN_FIX	KLENOW_TSO_30MIN_FIX_D8	TACTCCTGGGTAC	AGGCAGAA
0	KLENOW_TSO_30MIN_FIX	KLENOW_TSO_30MIN_FIX_D9	TCAGAAAACCCCC	AGGCAGAA
0	KLENOW_TSO_30MIN_FIX	KLENOW_TSO_30MIN_FIX_D10	TGCACGAGCAGTC	AGGCAGAA
0	KLENOW_TSO_30MIN_FIX	KLENOW_TSO_30MIN_FIX_D11	TTATTATGCTTCC	AGGCAGAA
0	KLENOW_TSO_30MIN_FIX	KLENOW_TSO_30MIN_FIX_D12	TAGCGACTGTATC	AGGCAGAA
0	KLENOW_TSO_30MIN_FIX	KLENOW_TSO_30MIN_FIX_E1	CCCTTGCGACAGC	AGGCAGAA
0	KLENOW_TSO_30MIN_FIX	KLENOW_TSO_30MIN_FIX_E2	CGTTAGATTGCAC	AGGCAGAA
0	KLENOW_TSO_30MIN_FIX	KLENOW_TSO_30MIN_FIX_E3	CTAAATACCATCC	AGGCAGAA
0	KLENOW_TSO_30MIN_FIX	KLENOW_TSO_30MIN_FIX_E4	CATATTTTTTAGC	AGGCAGAA
0	KLENOW_TSO_30MIN_FIX	KLENOW_TSO_30MIN_FIX_E5	CCCCTAAACGCTC	AGGCAGAA
0	KLENOW_TSO_30MIN_FIX	KLENOW_TSO_30MIN_FIX_E6	CGATTGTTAGGAC	AGGCAGAA
0	KLENOW_TSO_30MIN_FIX	KLENOW_TSO_30MIN_FIX_E7	CTACCGAGTCTCC	AGGCAGAA
0	KLENOW_TSO_30MIN_FIX	KLENOW_TSO_30MIN_FIX_E8	CAGAACAAATTGC	AGGCAGAA
0	KLENOW_TSO_16HR_STAT	KLENOW_TSO_16HR_STAT_E9	CCTTGATCTCATC	AGGCAGAA
0	KLENOW_TSO_16HR_STAT	KLENOW_TSO_16HR_STAT_E10	CGCCACGCGTTAC	AGGCAGAA
0	KLENOW_TSO_16HR_STAT	KLENOW_TSO_16HR_STAT_E11	CTATAGATACGGC	AGGCAGAA
0	KLENOW_TSO_16HR_STAT	KLENOW_TSO_16HR_STAT_E12	CATACCCAGCCAC	AGGCAGAA
0	KLENOW_TSO_16HR_STAT	KLENOW_TSO_16HR_STAT_F1	CCCCGGATGTACC	AGGCAGAA
0	KLENOW_TSO_16HR_STAT	KLENOW_TSO_16HR_STAT_F2	CGATCTCGGCTTC	AGGCAGAA
0	KLENOW_TSO_16HR_STAT	KLENOW_TSO_16HR_STAT_F3	CTAGCCGCTTTGC	AGGCAGAA
0	KLENOW_TSO_16HR_STAT	KLENOW_TSO_16HR_STAT_F4	CCTAAATACAGCC	AGGCAGAA
0	KLENOW_TSO_16HR_STAT	KLENOW_TSO_16HR_STAT_F5	CGGGTTTTACCAG	AGGCAGAA
0	KLENOW_TSO_16HR_STAT	KLENOW_TSO_16HR_STAT_F6	CATATCCATTGCG	AGGCAGAA
0	KLENOW_TSO_16HR_STAT	KLENOW_TSO_16HR_STAT_F7	CCTCCCGAGAGTG	AGGCAGAA
0	KLENOW_TSO_16HR_STAT	KLENOW_TSO_16HR_STAT_F8	CGAATATCTCCGG	AGGCAGAA
0	KLENOW_TSO_16HR_STAT	KLENOW_TSO_16HR_STAT_F9	CTACTAACCCACG	AGGCAGAA
0	KLENOW_TSO_16HR_STAT	KLENOW_TSO_16HR_STAT_F10	CAAATGATACAAG	AGGCAGAA
0	KLENOW_TSO_16HR_STAT	KLENOW_TSO_16HR_STAT_F11	CCCCCATTATTTG	AGGCAGAA
0	KLENOW_TSO_16HR_STAT	KLENOW_TSO_16HR_STAT_F12	CGAGTCGCGACGG	AGGCAGAA
0	KLENOW_TSO_16HR_EXP	KLENOW_TSO_16HR_EXP_G1	GTGGTTGTGGCCG	AGGCAGAA
0	KLENOW_TSO_16HR_EXP	KLENOW_TSO_16HR_EXP_G2	GATTCAAGGAAAG	AGGCAGAA
0	KLENOW_TSO_16HR_EXP	KLENOW_TSO_16HR_EXP_G3	GCCAAGATCTGGG	AGGCAGAA
0	KLENOW_TSO_16HR_EXP	KLENOW_TSO_16HR_EXP_G4	GATACTGTATCAG	AGGCAGAA
0	KLENOW_TSO_16HR_EXP	KLENOW_TSO_16HR_EXP_G5	GCCGATTCGTGCG	AGGCAGAA
0	KLENOW_TSO_16HR_EXP	KLENOW_TSO_16HR_EXP_G6	GTGACAACGCTGG	AGGCAGAA
0	KLENOW_TSO_16HR_EXP	KLENOW_TSO_16HR_EXP_G7	GGGCTGTCTTATG	AGGCAGAA
0	KLENOW_TSO_16HR_EXP	KLENOW_TSO_16HR_EXP_G8	GACCCTGGCCTGG	AGGCAGAA
0	KLENOW_TSO_16HR_EXP	KLENOW_TSO_16HR_EXP_G9	GCGTACGCTTATG	AGGCAGAA
0	KLENOW_TSO_16HR_EXP	KLENOW_TSO_16HR_EXP_G10	GTTGCACTTAATG	AGGCAGAA
0	KLENOW_TSO_16HR_EXP	KLENOW_TSO_16HR_EXP_G11	GGACAAAGAGAAG	AGGCAGAA
0	KLENOW_TSO_16HR_EXP	KLENOW_TSO_16HR_EXP_G12	GAACCACAGCACG	AGGCAGAA
0	KLENOW_TSO_16HR_EXP	KLENOW_TSO_16HR_EXP_H1	GCTTATCTAGAGG	AGGCAGAA
0	KLENOW_TSO_16HR_EXP	KLENOW_TSO_16HR_EXP_H2	GTAATGTGGTCAG	AGGCAGAA
0	KLENOW_TSO_16HR_EXP	KLENOW_TSO_16HR_EXP_H3	GGCGCGCGAGCTG	AGGCAGAA
0	KLENOW_TSO_16HR_EXP	KLENOW_TSO_16HR_EXP_H4	GTCCATGTGTGTG	AGGCAGAA
0	KLENOW_TSO_PENTA_EXP	KLENOW_TSO_PENTA_EXP_H5	GGGAGGAATCCAG	AGGCAGAA
0	KLENOW_TSO_PENTA_EXP	KLENOW_TSO_PENTA_EXP_H6	GATCAAAATAGGG	AGGCAGAA
0	KLENOW_TSO_PENTA_EXP	KLENOW_TSO_PENTA_EXP_H7	GCAAGACTGCCAG	AGGCAGAA
0	KLENOW_TSO_PENTA_EXP	KLENOW_TSO_PENTA_EXP_H8	GTAGGATGGACCG	AGGCAGAA
0	KLENOW_TSO_PENTA_EXP	KLENOW_TSO_PENTA_EXP_H9	GGATCGGACCTAG	AGGCAGAA
0	KLENOW_TSO_PENTA_EXP	KLENOW_TSO_PENTA_EXP_H10	GCCCAAAGGAATG	AGGCAGAA
0	KLENOW_TSO_PENTA_EXP	KLENOW_TSO_PENTA_EXP_H11	GTACCTAACGCAG	AGGCAGAA
0	KLENOW_TSO_PENTA_EXP	KLENOW_TSO_PENTA_EXP_H12	GGTCAGGTTCAGG	AGGCAGAA
0	KLENOW_KLENOW_CRISPRI	KLENOW_KLENOW_CRISPRI_A1	AAGTGATTAGCAA	TCCTGAGC
0	KLENOW_KLENOW_CRISPRI	KLENOW_KLENOW_CRISPRI_A2	AGAATCCCCCTAA	TCCTGAGC
0	KLENOW_KLENOW_CRISPRI	KLENOW_KLENOW_CRISPRI_A3	ACCTGGGAAACTA	TCCTGAGC
0	KLENOW_KLENOW_CRISPRI	KLENOW_KLENOW_CRISPRI_A4	ATACCTCCCAGGA	TCCTGAGC
0	KLENOW_KLENOW_CRISPRI	KLENOW_KLENOW_CRISPRI_A5	AATTTGTGGTATA	TCCTGAGC
0	KLENOW_KLENOW_CRISPRI	KLENOW_KLENOW_CRISPRI_A6	ACCCGAGAGATCA	TCCTGAGC
0	KLENOW_KLENOW_CRISPRI	KLENOW_KLENOW_CRISPRI_A7	AGAGTATAGGGTA	TCCTGAGC
0	KLENOW_KLENOW_CRISPRI	KLENOW_KLENOW_CRISPRI_A8	ATCTTAATTGAGA	TCCTGAGC
0	KLENOW_KLENOW_EXP_MIX	KLENOW_KLENOW_EXP_MIX_A9	AACGTTCTGTCGA	TCCTGAGC
0	KLENOW_KLENOW_EXP_MIX	KLENOW_KLENOW_EXP_MIX_A10	ACATAATGGCGAA	TCCTGAGC
0	KLENOW_KLENOW_EXP_MIX	KLENOW_KLENOW_EXP_MIX_A11	AGGCCGGAACATA	TCCTGAGC
0	KLENOW_KLENOW_EXP_MIX	KLENOW_KLENOW_EXP_MIX_A12	ATCACTTCAAGAA	TCCTGAGC
0	KLENOW_KLENOW_EXP_MIX	KLENOW_KLENOW_EXP_MIX_B1	AAGCTGGCCTTCA	TCCTGAGC
0	KLENOW_KLENOW_EXP_MIX	KLENOW_KLENOW_EXP_MIX_B2	ACTGCACATTGGA	TCCTGAGC
0	KLENOW_KLENOW_EXP_MIX	KLENOW_KLENOW_EXP_MIX_B3	AGGTCCTTCGATA	TCCTGAGC
0	KLENOW_KLENOW_EXP_MIX	KLENOW_KLENOW_EXP_MIX_B4	ATTCGCACCCGAA	TCCTGAGC
0	KLENOW_KLENOW_STAT_MIX	KLENOW_KLENOW_STAT_MIX_B5	ACCGTAAATTACA	TCCTGAGC
0	KLENOW_KLENOW_STAT_MIX	KLENOW_KLENOW_STAT_MIX_B6	AGTAGTCGATATA	TCCTGAGC
0	KLENOW_KLENOW_STAT_MIX	KLENOW_KLENOW_STAT_MIX_B7	ATGTAAGAATCAA	TCCTGAGC
0	KLENOW_KLENOW_STAT_MIX	KLENOW_KLENOW_STAT_MIX_B8	AAGGCCCGCCGTA	TCCTGAGC
0	KLENOW_KLENOW_STAT_MIX	KLENOW_KLENOW_STAT_MIX_B9	ACTCCACGCAAGA	TCCTGAGC
0	KLENOW_KLENOW_STAT_MIX	KLENOW_KLENOW_STAT_MIX_B10	AGTCTTTGATTAA	TCCTGAGC
0	KLENOW_KLENOW_STAT_MIX	KLENOW_KLENOW_STAT_MIX_B11	ATAGAGCCCGCCA	TCCTGAGC
0	KLENOW_KLENOW_STAT_MIX	KLENOW_KLENOW_STAT_MIX_B12	AAGAAATGGAGGA	TCCTGAGC
0	KLENOW_KLENOW_SCH_EXP	KLENOW_KLENOW_SCH_EXP_C1	TCAGCGCTGGTTA	TCCTGAGC
0	KLENOW_KLENOW_SCH_EXP	KLENOW_KLENOW_SCH_EXP_C2	TGTTGACGAATAA	TCCTGAGC
0	KLENOW_KLENOW_SCH_EXP	KLENOW_KLENOW_SCH_EXP_C3	TTGCATCAGCGCA	TCCTGAGC
0	KLENOW_KLENOW_SCH_EXP	KLENOW_KLENOW_SCH_EXP_C4	TAGCCATATGAGA	TCCTGAGC
0	KLENOW_KLENOW_SCH_EXP	KLENOW_KLENOW_SCH_EXP_C5	TCCTGCCCCTGTA	TCCTGAGC
0	KLENOW_KLENOW_SCH_EXP	KLENOW_KLENOW_SCH_EXP_C6	TGGTATAAAACCA	TCCTGAGC
0	KLENOW_KLENOW_SCH_EXP	KLENOW_KLENOW_SCH_EXP_C7	TTAAAGTCATGCA	TCCTGAGC
0	KLENOW_KLENOW_SCH_EXP	KLENOW_KLENOW_SCH_EXP_C8	TAGAACTCAGAAA	TCCTGAGC
0	KLENOW_KLENOW_SCH_EXP	KLENOW_KLENOW_SCH_EXP_C9	TCAGCTTAATCGC	TCCTGAGC
0	KLENOW_KLENOW_SCH_EXP	KLENOW_KLENOW_SCH_EXP_C10	TGGCTTAAGAGAC	TCCTGAGC
0	KLENOW_KLENOW_SCH_EXP	KLENOW_KLENOW_SCH_EXP_C11	TTCACCTGTCGGC	TCCTGAGC
0	KLENOW_KLENOW_SCH_EXP	KLENOW_KLENOW_SCH_EXP_C12	TATAGTGATACTC	TCCTGAGC
0	KLENOW_KLENOW_SCH_EXP	KLENOW_KLENOW_SCH_EXP_D1	TCATCAGCGAACC	TCCTGAGC
0	KLENOW_KLENOW_SCH_EXP	KLENOW_KLENOW_SCH_EXP_D2	TGCGCCATGGGAC	TCCTGAGC
0	KLENOW_KLENOW_SCH_EXP	KLENOW_KLENOW_SCH_EXP_D3	TTGTTGAACTCCC	TCCTGAGC
0	KLENOW_KLENOW_SCH_EXP	KLENOW_KLENOW_SCH_EXP_D4	TATATACGCAGTC	TCCTGAGC
0	KLENOW_KLENOW_30MIN_FIX	KLENOW_KLENOW_30MIN_FIX_D5	TCGCACGACGTAC	TCCTGAGC
0	KLENOW_KLENOW_30MIN_FIX	KLENOW_KLENOW_30MIN_FIX_D6	TGGGACAGAAGGC	TCCTGAGC
0	KLENOW_KLENOW_30MIN_FIX	KLENOW_KLENOW_30MIN_FIX_D7	TTTAACAAGTATC	TCCTGAGC
0	KLENOW_KLENOW_30MIN_FIX	KLENOW_KLENOW_30MIN_FIX_D8	TACTCCTGGGTAC	TCCTGAGC
0	KLENOW_KLENOW_30MIN_FIX	KLENOW_KLENOW_30MIN_FIX_D9	TCAGAAAACCCCC	TCCTGAGC
0	KLENOW_KLENOW_30MIN_FIX	KLENOW_KLENOW_30MIN_FIX_D10	TGCACGAGCAGTC	TCCTGAGC
0	KLENOW_KLENOW_30MIN_FIX	KLENOW_KLENOW_30MIN_FIX_D11	TTATTATGCTTCC	TCCTGAGC
0	KLENOW_KLENOW_30MIN_FIX	KLENOW_KLENOW_30MIN_FIX_D12	TAGCGACTGTATC	TCCTGAGC
0	KLENOW_KLENOW_30MIN_FIX	KLENOW_KLENOW_30MIN_FIX_E1	CCCTTGCGACAGC	TCCTGAGC
0	KLENOW_KLENOW_30MIN_FIX	KLENOW_KLENOW_30MIN_FIX_E2	CGTTAGATTGCAC	TCCTGAGC
0	KLENOW_KLENOW_30MIN_FIX	KLENOW_KLENOW_30MIN_FIX_E3	CTAAATACCATCC	TCCTGAGC
0	KLENOW_KLENOW_30MIN_FIX	KLENOW_KLENOW_30MIN_FIX_E4	CATATTTTTTAGC	TCCTGAGC
0	KLENOW_KLENOW_30MIN_FIX	KLENOW_KLENOW_30MIN_FIX_E5	CCCCTAAACGCTC	TCCTGAGC
0	KLENOW_KLENOW_30MIN_FIX	KLENOW_KLENOW_30MIN_FIX_E6	CGATTGTTAGGAC	TCCTGAGC
0	KLENOW_KLENOW_30MIN_FIX	KLENOW_KLENOW_30MIN_FIX_E7	CTACCGAGTCTCC	TCCTGAGC
0	KLENOW_KLENOW_30MIN_FIX	KLENOW_KLENOW_30MIN_FIX_E8	CAGAACAAATTGC	TCCTGAGC
0	KLENOW_KLENOW_16HR_STAT	KLENOW_KLENOW_16HR_STAT_E9	CCTTGATCTCATC	TCCTGAGC
0	KLENOW_KLENOW_16HR_STAT	KLENOW_KLENOW_16HR_STAT_E10	CGCCACGCGTTAC	TCCTGAGC
0	KLENOW_KLENOW_16HR_STAT	KLENOW_KLENOW_16HR_STAT_E11	CTATAGATACGGC	TCCTGAGC
0	KLENOW_KLENOW_16HR_STAT	KLENOW_KLENOW_16HR_STAT_E12	CATACCCAGCCAC	TCCTGAGC
0	KLENOW_KLENOW_16HR_STAT	KLENOW_KLENOW_16HR_STAT_F1	CCCCGGATGTACC	TCCTGAGC
0	KLENOW_KLENOW_16HR_STAT	KLENOW_KLENOW_16HR_STAT_F2	CGATCTCGGCTTC	TCCTGAGC
0	KLENOW_KLENOW_16HR_STAT	KLENOW_KLENOW_16HR_STAT_F3	CTAGCCGCTTTGC	TCCTGAGC
0	KLENOW_KLENOW_16HR_STAT	KLENOW_KLENOW_16HR_STAT_F4	CCTAAATACAGCC	TCCTGAGC
0	KLENOW_KLENOW_16HR_STAT	KLENOW_KLENOW_16HR_STAT_F5	CGGGTTTTACCAG	TCCTGAGC
0	KLENOW_KLENOW_16HR_STAT	KLENOW_KLENOW_16HR_STAT_F6	CATATCCATTGCG	TCCTGAGC
0	KLENOW_KLENOW_16HR_STAT	KLENOW_KLENOW_16HR_STAT_F7	CCTCCCGAGAGTG	TCCTGAGC
0	KLENOW_KLENOW_16HR_STAT	KLENOW_KLENOW_16HR_STAT_F8	CGAATATCTCCGG	TCCTGAGC
0	KLENOW_KLENOW_16HR_STAT	KLENOW_KLENOW_16HR_STAT_F9	CTACTAACCCACG	TCCTGAGC
0	KLENOW_KLENOW_16HR_STAT	KLENOW_KLENOW_16HR_STAT_F10	CAAATGATACAAG	TCCTGAGC
0	KLENOW_KLENOW_16HR_STAT	KLENOW_KLENOW_16HR_STAT_F11	CCCCCATTATTTG	TCCTGAGC
0	KLENOW_KLENOW_16HR_STAT	KLENOW_KLENOW_16HR_STAT_F12	CGAGTCGCGACGG	TCCTGAGC
0	KLENOW_KLENOW_16HR_EXP	KLENOW_KLENOW_16HR_EXP_G1	GTGGTTGTGGCCG	TCCTGAGC
0	KLENOW_KLENOW_16HR_EXP	KLENOW_KLENOW_16HR_EXP_G2	GATTCAAGGAAAG	TCCTGAGC
0	KLENOW_KLENOW_16HR_EXP	KLENOW_KLENOW_16HR_EXP_G3	GCCAAGATCTGGG	TCCTGAGC
0	KLENOW_KLENOW_16HR_EXP	KLENOW_KLENOW_16HR_EXP_G4	GATACTGTATCAG	TCCTGAGC
0	KLENOW_KLENOW_16HR_EXP	KLENOW_KLENOW_16HR_EXP_G5	GCCGATTCGTGCG	TCCTGAGC
0	KLENOW_KLENOW_16HR_EXP	KLENOW_KLENOW_16HR_EXP_G6	GTGACAACGCTGG	TCCTGAGC
0	KLENOW_KLENOW_16HR_EXP	KLENOW_KLENOW_16HR_EXP_G7	GGGCTGTCTTATG	TCCTGAGC
0	KLENOW_KLENOW_16HR_EXP	KLENOW_KLENOW_16HR_EXP_G8	GACCCTGGCCTGG	TCCTGAGC
0	KLENOW_KLENOW_16HR_EXP	KLENOW_KLENOW_16HR_EXP_G9	GCGTACGCTTATG	TCCTGAGC
0	KLENOW_KLENOW_16HR_EXP	KLENOW_KLENOW_16HR_EXP_G10	GTTGCACTTAATG	TCCTGAGC
0	KLENOW_KLENOW_16HR_EXP	KLENOW_KLENOW_16HR_EXP_G11	GGACAAAGAGAAG	TCCTGAGC
0	KLENOW_KLENOW_16HR_EXP	KLENOW_KLENOW_16HR_EXP_G12	GAACCACAGCACG	TCCTGAGC
0	KLENOW_KLENOW_16HR_EXP	KLENOW_KLENOW_16HR_EXP_H1	GCTTATCTAGAGG	TCCTGAGC
0	KLENOW_KLENOW_16HR_EXP	KLENOW_KLENOW_16HR_EXP_H2	GTAATGTGGTCAG	TCCTGAGC
0	KLENOW_KLENOW_16HR_EXP	KLENOW_KLENOW_16HR_EXP_H3	GGCGCGCGAGCTG	TCCTGAGC
0	KLENOW_KLENOW_16HR_EXP	KLENOW_KLENOW_16HR_EXP_H4	GTCCATGTGTGTG	TCCTGAGC
0	KLENOW_KLENOW_PENTA_EXP	KLENOW_KLENOW_PENTA_EXP_H5	GGGAGGAATCCAG	TCCTGAGC
0	KLENOW_KLENOW_PENTA_EXP	KLENOW_KLENOW_PENTA_EXP_H6	GATCAAAATAGGG	TCCTGAGC
0	KLENOW_KLENOW_PENTA_EXP	KLENOW_KLENOW_PENTA_EXP_H7	GCAAGACTGCCAG	TCCTGAGC
0	KLENOW_KLENOW_PENTA_EXP	KLENOW_KLENOW_PENTA_EXP_H8	GTAGGATGGACCG	TCCTGAGC
0	KLENOW_KLENOW_PENTA_EXP	KLENOW_KLENOW_PENTA_EXP_H9	GGATCGGACCTAG	TCCTGAGC
0	KLENOW_KLENOW_PENTA_EXP	KLENOW_KLENOW_PENTA_EXP_H10	GCCCAAAGGAATG	TCCTGAGC
0	KLENOW_KLENOW_PENTA_EXP	KLENOW_KLENOW_PENTA_EXP_H11	GTACCTAACGCAG	TCCTGAGC
0	KLENOW_KLENOW_PENTA_EXP	KLENOW_KLENOW_PENTA_EXP_H12	GGTCAGGTTCAGG	TCCTGAGC
