SKIP,LIBRARY_NAME,SAMPLE_NAME,BARCODE_1,BARCODE_2
0,Lib1_EZ_Tn5_PA14_Exponential,Lib1_EZ_Tn5_PA14_Exponential_A1,AACCTCCAACCCA,CGTACTAG
0,Lib1_EZ_Tn5_PA14_Exponential,Lib1_EZ_Tn5_PA14_Exponential_A2,ACGTTTCAGCCAA,CGTACTAG
0,Lib1_EZ_Tn5_PA14_Exponential,Lib1_EZ_Tn5_PA14_Exponential_A3,ATAAGGTTAGATA,CGTACTAG
0,Lib1_EZ_Tn5_PA14_Exponential,Lib1_EZ_Tn5_PA14_Exponential_A4,AATATACCAGACA,CGTACTAG
0,Lib1_EZ_Tn5_PA14_Exponential,Lib1_EZ_Tn5_PA14_Exponential_A5,AGGAGAGACTGTA,CGTACTAG
0,Lib1_EZ_Tn5_PA14_Exponential,Lib1_EZ_Tn5_PA14_Exponential_A6,ACTCATCTTAGCA,CGTACTAG
0,Lib1_EZ_Tn5_PA14_Exponential,Lib1_EZ_Tn5_PA14_Exponential_A7,AAATTTGGCCGTA,CGTACTAG
0,Lib1_EZ_Tn5_PA14_Exponential,Lib1_EZ_Tn5_PA14_Exponential_A8,ATTAAGGAAGTAA,CGTACTAG
0,Lib1_EZ_Tn5_PA14_Tet,Lib1_EZ_Tn5_PA14_Tet_A9,AACCGATCCAGAA,CGTACTAG
0,Lib1_EZ_Tn5_PA14_Tet,Lib1_EZ_Tn5_PA14_Tet_A10,ACAACGGGACTGA,CGTACTAG
0,Lib1_EZ_Tn5_PA14_Tet,Lib1_EZ_Tn5_PA14_Tet_A11,ATCCAGTACAACA,CGTACTAG
0,Lib1_EZ_Tn5_PA14_Tet,Lib1_EZ_Tn5_PA14_Tet_A12,AGAGGACGATGCA,CGTACTAG
0,Lib1_EZ_Tn5_PA14_Tet,Lib1_EZ_Tn5_PA14_Tet_B1,AAAGGGTCGCTTA,CGTACTAG
0,Lib1_EZ_Tn5_PA14_Tet,Lib1_EZ_Tn5_PA14_Tet_B2,ACCCATGTAGCAA,CGTACTAG
0,Lib1_EZ_Tn5_PA14_Tet,Lib1_EZ_Tn5_PA14_Tet_B3,AGTGAAGTGGACA,CGTACTAG
0,Lib1_EZ_Tn5_PA14_Tet,Lib1_EZ_Tn5_PA14_Tet_B4,ATAATAATTACAA,CGTACTAG
0,Lib1_EZ_Tn5_PA14_Gent,Lib1_EZ_Tn5_PA14_Gent_B5,AGCTGTAACGTGA,CGTACTAG
0,Lib1_EZ_Tn5_PA14_Gent,Lib1_EZ_Tn5_PA14_Gent_B6,AAAAAGCTGCGTA,CGTACTAG
0,Lib1_EZ_Tn5_PA14_Gent,Lib1_EZ_Tn5_PA14_Gent_B7,ACGCGCAAACAGA,CGTACTAG
0,Lib1_EZ_Tn5_PA14_Gent,Lib1_EZ_Tn5_PA14_Gent_B8,ATAATTTTCCCCA,CGTACTAG
0,Lib1_EZ_Tn5_PA14_Gent,Lib1_EZ_Tn5_PA14_Gent_B9,AGGATACTGGTTA,CGTACTAG
0,Lib1_EZ_Tn5_PA14_Gent,Lib1_EZ_Tn5_PA14_Gent_B10,AAGGGGGAAGCGA,CGTACTAG
0,Lib1_EZ_Tn5_PA14_Gent,Lib1_EZ_Tn5_PA14_Gent_B11,ACAACGCCAAAAA,CGTACTAG
0,Lib1_EZ_Tn5_PA14_Gent,Lib1_EZ_Tn5_PA14_Gent_B12,AACGAAGCCTGTA,CGTACTAG
0,Lib1_EZ_Tn5_PA14_Chlor,Lib1_EZ_Tn5_PA14_Chlor_C1,TTACGTTGCCAGA,CGTACTAG
0,Lib1_EZ_Tn5_PA14_Chlor,Lib1_EZ_Tn5_PA14_Chlor_C2,TAATTAACTTATA,CGTACTAG
0,Lib1_EZ_Tn5_PA14_Chlor,Lib1_EZ_Tn5_PA14_Chlor_C3,TCTCGGTATGGGA,CGTACTAG
0,Lib1_EZ_Tn5_PA14_Chlor,Lib1_EZ_Tn5_PA14_Chlor_C4,TTCGTGTGAATTA,CGTACTAG
0,Lib1_EZ_Tn5_PA14_Chlor,Lib1_EZ_Tn5_PA14_Chlor_C5,TATAATTAGTTCA,CGTACTAG
0,Lib1_EZ_Tn5_PA14_Chlor,Lib1_EZ_Tn5_PA14_Chlor_C6,TGGCTAATTCCTA,CGTACTAG
0,Lib1_EZ_Tn5_PA14_Chlor,Lib1_EZ_Tn5_PA14_Chlor_C7,TAGAAGGTCGTGA,CGTACTAG
0,Lib1_EZ_Tn5_PA14_Chlor,Lib1_EZ_Tn5_PA14_Chlor_C8,TCGTGAGGGGGTA,CGTACTAG
0,Lib1_EZ_Tn5_PA14_Erythro,Lib1_EZ_Tn5_PA14_Erythro_C9,TTAGGCTAAAGGC,CGTACTAG
0,Lib1_EZ_Tn5_PA14_Erythro,Lib1_EZ_Tn5_PA14_Erythro_C10,TGAAGTGGCTTCC,CGTACTAG
0,Lib1_EZ_Tn5_PA14_Erythro,Lib1_EZ_Tn5_PA14_Erythro_C11,TATCGCATAGCGC,CGTACTAG
0,Lib1_EZ_Tn5_PA14_Erythro,Lib1_EZ_Tn5_PA14_Erythro_C12,TCTCCTAAGCTCC,CGTACTAG
0,Lib1_EZ_Tn5_PA14_Erythro,Lib1_EZ_Tn5_PA14_Erythro_D1,TAAATCATGATTC,CGTACTAG
0,Lib1_EZ_Tn5_PA14_Erythro,Lib1_EZ_Tn5_PA14_Erythro_D2,TCGCATACGGAAC,CGTACTAG
0,Lib1_EZ_Tn5_PA14_Erythro,Lib1_EZ_Tn5_PA14_Erythro_D3,TTGCAGCCACAGC,CGTACTAG
0,Lib1_EZ_Tn5_PA14_Erythro,Lib1_EZ_Tn5_PA14_Erythro_D4,TACCTGGTGCTTC,CGTACTAG
0,Lib1_EZ_Tn5_PA14_Cef,Lib1_EZ_Tn5_PA14_Cef_D5,TGTTTTCATAAGC,CGTACTAG
0,Lib1_EZ_Tn5_PA14_Cef,Lib1_EZ_Tn5_PA14_Cef_D6,TAAACTGAGATGC,CGTACTAG
0,Lib1_EZ_Tn5_PA14_Cef,Lib1_EZ_Tn5_PA14_Cef_D7,TCAGTGCGCTGTC,CGTACTAG
0,Lib1_EZ_Tn5_PA14_Cef,Lib1_EZ_Tn5_PA14_Cef_D8,TTGAGTGGGCCAC,CGTACTAG
0,Lib1_EZ_Tn5_PA14_Cef,Lib1_EZ_Tn5_PA14_Cef_D9,TATTCTCTCAACC,CGTACTAG
0,Lib1_EZ_Tn5_PA14_Cef,Lib1_EZ_Tn5_PA14_Cef_D10,TCCTCCTTTACGC,CGTACTAG
0,Lib1_EZ_Tn5_PA14_Cef,Lib1_EZ_Tn5_PA14_Cef_D11,TAGAGAACTTTAC,CGTACTAG
0,Lib1_EZ_Tn5_PA14_Cef,Lib1_EZ_Tn5_PA14_Cef_D12,TTACTACCAGGTC,CGTACTAG
0,Lib1_EZ_Tn5_PA14_Cyclo,Lib1_EZ_Tn5_PA14_Cyclo_E1,CATTGCTACATCC,CGTACTAG
0,Lib1_EZ_Tn5_PA14_Cyclo,Lib1_EZ_Tn5_PA14_Cyclo_E2,CGGAGTCACACGC,CGTACTAG
0,Lib1_EZ_Tn5_PA14_Cyclo,Lib1_EZ_Tn5_PA14_Cyclo_E3,CCGGTGGAGCTCC,CGTACTAG
0,Lib1_EZ_Tn5_PA14_Cyclo,Lib1_EZ_Tn5_PA14_Cyclo_E4,CTTCGGCCCAATC,CGTACTAG
0,Lib1_EZ_Tn5_PA14_Cyclo,Lib1_EZ_Tn5_PA14_Cyclo_E5,CACGAGACACCCC,CGTACTAG
0,Lib1_EZ_Tn5_PA14_Cyclo,Lib1_EZ_Tn5_PA14_Cyclo_E6,CGTCTAGACAAAC,CGTACTAG
0,Lib1_EZ_Tn5_PA14_Cyclo,Lib1_EZ_Tn5_PA14_Cyclo_E7,CACCGTACGTTGC,CGTACTAG
0,Lib1_EZ_Tn5_PA14_Cyclo,Lib1_EZ_Tn5_PA14_Cyclo_E8,CCTAACCCTCTCC,CGTACTAG
0,Lib1_EZ_Tn5_PA14_Cipro,Lib1_EZ_Tn5_PA14_Cipro_E9,CTAGATTTAACTC,CGTACTAG
0,Lib1_EZ_Tn5_PA14_Cipro,Lib1_EZ_Tn5_PA14_Cipro_E10,CAGATTAGAGTAC,CGTACTAG
0,Lib1_EZ_Tn5_PA14_Cipro,Lib1_EZ_Tn5_PA14_Cipro_E11,CGGGACGTTTTCC,CGTACTAG
0,Lib1_EZ_Tn5_PA14_Cipro,Lib1_EZ_Tn5_PA14_Cipro_E12,CTATACCAAGAAC,CGTACTAG
0,Lib1_EZ_Tn5_PA14_Cipro,Lib1_EZ_Tn5_PA14_Cipro_F1,CCGGCGAGCCAGC,CGTACTAG
0,Lib1_EZ_Tn5_PA14_Cipro,Lib1_EZ_Tn5_PA14_Cipro_F2,CATTTGAAAACGC,CGTACTAG
0,Lib1_EZ_Tn5_PA14_Cipro,Lib1_EZ_Tn5_PA14_Cipro_F3,CCCCTTTCTGGAC,CGTACTAG
0,Lib1_EZ_Tn5_PA14_Cipro,Lib1_EZ_Tn5_PA14_Cipro_F4,CTGACTGCAGCGC,CGTACTAG
0,Lib1_EZ_Tn5_PA14_Nal,Lib1_EZ_Tn5_PA14_Nal_F5,CACGATCAAGTTG,CGTACTAG
0,Lib1_EZ_Tn5_PA14_Nal,Lib1_EZ_Tn5_PA14_Nal_F6,CGAAATGCTGACG,CGTACTAG
0,Lib1_EZ_Tn5_PA14_Nal,Lib1_EZ_Tn5_PA14_Nal_F7,CGCTACCTGAAGG,CGTACTAG
0,Lib1_EZ_Tn5_PA14_Nal,Lib1_EZ_Tn5_PA14_Nal_F8,CAGGAACTACACG,CGTACTAG
0,Lib1_EZ_Tn5_PA14_Nal,Lib1_EZ_Tn5_PA14_Nal_F9,CTCGGCCGGTCAG,CGTACTAG
0,Lib1_EZ_Tn5_PA14_Nal,Lib1_EZ_Tn5_PA14_Nal_F10,CTTTTCCAGCGTG,CGTACTAG
0,Lib1_EZ_Tn5_PA14_Nal,Lib1_EZ_Tn5_PA14_Nal_F11,CAATCGTAGCCGG,CGTACTAG
0,Lib1_EZ_Tn5_PA14_Nal,Lib1_EZ_Tn5_PA14_Nal_F12,CGTAAACTACGAG,CGTACTAG
0,Lib1_EZ_Tn5_PA14_Lambda30,Lib1_EZ_Tn5_PA14_Lambda30_G1,GACGAGTATCTGG,CGTACTAG
0,Lib1_EZ_Tn5_PA14_Lambda30,Lib1_EZ_Tn5_PA14_Lambda30_G2,GCAAAGGGTGGTG,CGTACTAG
0,Lib1_EZ_Tn5_PA14_Lambda30,Lib1_EZ_Tn5_PA14_Lambda30_G3,GTAGGTGAGAAAG,CGTACTAG
0,Lib1_EZ_Tn5_PA14_Lambda30,Lib1_EZ_Tn5_PA14_Lambda30_G4,GAGCGGATTAGTG,CGTACTAG
0,Lib1_EZ_Tn5_PA14_Lambda30,Lib1_EZ_Tn5_PA14_Lambda30_G5,GGTTTGTATGTCG,CGTACTAG
0,Lib1_EZ_Tn5_PA14_Lambda30,Lib1_EZ_Tn5_PA14_Lambda30_G6,GAACACATCTGAG,CGTACTAG
0,Lib1_EZ_Tn5_PA14_Lambda30,Lib1_EZ_Tn5_PA14_Lambda30_G7,GCTACCAATGACG,CGTACTAG
0,Lib1_EZ_Tn5_PA14_Lambda30,Lib1_EZ_Tn5_PA14_Lambda30_G8,GTGAGGGCTCGGG,CGTACTAG
0,Lib1_EZ_Tn5_PA14_Lambda90,Lib1_EZ_Tn5_PA14_Lambda90_G9,GAAATGTGTCGCG,CGTACTAG
0,Lib1_EZ_Tn5_PA14_Lambda90,Lib1_EZ_Tn5_PA14_Lambda90_G10,GGCCCACACCGGG,CGTACTAG
0,Lib1_EZ_Tn5_PA14_Lambda90,Lib1_EZ_Tn5_PA14_Lambda90_G11,GCCGGTAGCTCCG,CGTACTAG
0,Lib1_EZ_Tn5_PA14_Lambda90,Lib1_EZ_Tn5_PA14_Lambda90_G12,GAAGAATTATGGG,CGTACTAG
0,Lib1_EZ_Tn5_PA14_Lambda90,Lib1_EZ_Tn5_PA14_Lambda90_H1,GTCTCGTCATATG,CGTACTAG
0,Lib1_EZ_Tn5_PA14_Lambda90,Lib1_EZ_Tn5_PA14_Lambda90_H2,GGACTTTTGGTCG,CGTACTAG
0,Lib1_EZ_Tn5_PA14_Lambda90,Lib1_EZ_Tn5_PA14_Lambda90_H3,GATTTCGTTCCAG,CGTACTAG
0,Lib1_EZ_Tn5_PA14_Lambda90,Lib1_EZ_Tn5_PA14_Lambda90_H4,GTCCCGGAGCCAG,CGTACTAG
0,Lib1_EZ_Tn5_PA14_Overnight,Lib1_EZ_Tn5_PA14_Overnight_H5,GGGGGGCCGGACG,CGTACTAG
0,Lib1_EZ_Tn5_PA14_Overnight,Lib1_EZ_Tn5_PA14_Overnight_H6,GACTACGTTTGGG,CGTACTAG
0,Lib1_EZ_Tn5_PA14_Overnight,Lib1_EZ_Tn5_PA14_Overnight_H7,GCTTTAATCTAAG,CGTACTAG
0,Lib1_EZ_Tn5_PA14_Overnight,Lib1_EZ_Tn5_PA14_Overnight_H8,GAGGCAAAAATCG,CGTACTAG
0,Lib1_EZ_Tn5_PA14_Overnight,Lib1_EZ_Tn5_PA14_Overnight_H9,GTTTGATTCTCGG,CGTACTAG
0,Lib1_EZ_Tn5_PA14_Overnight,Lib1_EZ_Tn5_PA14_Overnight_H10,GAGGGACATCGAG,CGTACTAG
0,Lib1_EZ_Tn5_PA14_Overnight,Lib1_EZ_Tn5_PA14_Overnight_H11,GGATCCTTACCCG,CGTACTAG
0,Lib1_EZ_Tn5_PA14_Overnight,Lib1_EZ_Tn5_PA14_Overnight_H12,GCGATCCTCGCGG,CGTACTAG
0,Lib1_HB_Tn5_PA14_Exponential,Lib1_HB_Tn5_PA14_Exponential_A1,AACCTCCAACCCA,AAGAGGCA
0,Lib1_HB_Tn5_PA14_Exponential,Lib1_HB_Tn5_PA14_Exponential_A2,ACGTTTCAGCCAA,AAGAGGCA
0,Lib1_HB_Tn5_PA14_Exponential,Lib1_HB_Tn5_PA14_Exponential_A3,ATAAGGTTAGATA,AAGAGGCA
0,Lib1_HB_Tn5_PA14_Exponential,Lib1_HB_Tn5_PA14_Exponential_A4,AATATACCAGACA,AAGAGGCA
0,Lib1_HB_Tn5_PA14_Exponential,Lib1_HB_Tn5_PA14_Exponential_A5,AGGAGAGACTGTA,AAGAGGCA
0,Lib1_HB_Tn5_PA14_Exponential,Lib1_HB_Tn5_PA14_Exponential_A6,ACTCATCTTAGCA,AAGAGGCA
0,Lib1_HB_Tn5_PA14_Exponential,Lib1_HB_Tn5_PA14_Exponential_A7,AAATTTGGCCGTA,AAGAGGCA
0,Lib1_HB_Tn5_PA14_Exponential,Lib1_HB_Tn5_PA14_Exponential_A8,ATTAAGGAAGTAA,AAGAGGCA
0,Lib1_HB_Tn5_PA14_Tet,Lib1_HB_Tn5_PA14_Tet_A9,AACCGATCCAGAA,AAGAGGCA
0,Lib1_HB_Tn5_PA14_Tet,Lib1_HB_Tn5_PA14_Tet_A10,ACAACGGGACTGA,AAGAGGCA
0,Lib1_HB_Tn5_PA14_Tet,Lib1_HB_Tn5_PA14_Tet_A11,ATCCAGTACAACA,AAGAGGCA
0,Lib1_HB_Tn5_PA14_Tet,Lib1_HB_Tn5_PA14_Tet_A12,AGAGGACGATGCA,AAGAGGCA
0,Lib1_HB_Tn5_PA14_Tet,Lib1_HB_Tn5_PA14_Tet_B1,AAAGGGTCGCTTA,AAGAGGCA
0,Lib1_HB_Tn5_PA14_Tet,Lib1_HB_Tn5_PA14_Tet_B2,ACCCATGTAGCAA,AAGAGGCA
0,Lib1_HB_Tn5_PA14_Tet,Lib1_HB_Tn5_PA14_Tet_B3,AGTGAAGTGGACA,AAGAGGCA
0,Lib1_HB_Tn5_PA14_Tet,Lib1_HB_Tn5_PA14_Tet_B4,ATAATAATTACAA,AAGAGGCA
0,Lib1_HB_Tn5_PA14_Gent,Lib1_HB_Tn5_PA14_Gent_B5,AGCTGTAACGTGA,AAGAGGCA
0,Lib1_HB_Tn5_PA14_Gent,Lib1_HB_Tn5_PA14_Gent_B6,AAAAAGCTGCGTA,AAGAGGCA
0,Lib1_HB_Tn5_PA14_Gent,Lib1_HB_Tn5_PA14_Gent_B7,ACGCGCAAACAGA,AAGAGGCA
0,Lib1_HB_Tn5_PA14_Gent,Lib1_HB_Tn5_PA14_Gent_B8,ATAATTTTCCCCA,AAGAGGCA
0,Lib1_HB_Tn5_PA14_Gent,Lib1_HB_Tn5_PA14_Gent_B9,AGGATACTGGTTA,AAGAGGCA
0,Lib1_HB_Tn5_PA14_Gent,Lib1_HB_Tn5_PA14_Gent_B10,AAGGGGGAAGCGA,AAGAGGCA
0,Lib1_HB_Tn5_PA14_Gent,Lib1_HB_Tn5_PA14_Gent_B11,ACAACGCCAAAAA,AAGAGGCA
0,Lib1_HB_Tn5_PA14_Gent,Lib1_HB_Tn5_PA14_Gent_B12,AACGAAGCCTGTA,AAGAGGCA
0,Lib1_HB_Tn5_PA14_Chlor,Lib1_HB_Tn5_PA14_Chlor_C1,TTACGTTGCCAGA,AAGAGGCA
0,Lib1_HB_Tn5_PA14_Chlor,Lib1_HB_Tn5_PA14_Chlor_C2,TAATTAACTTATA,AAGAGGCA
0,Lib1_HB_Tn5_PA14_Chlor,Lib1_HB_Tn5_PA14_Chlor_C3,TCTCGGTATGGGA,AAGAGGCA
0,Lib1_HB_Tn5_PA14_Chlor,Lib1_HB_Tn5_PA14_Chlor_C4,TTCGTGTGAATTA,AAGAGGCA
0,Lib1_HB_Tn5_PA14_Chlor,Lib1_HB_Tn5_PA14_Chlor_C5,TATAATTAGTTCA,AAGAGGCA
0,Lib1_HB_Tn5_PA14_Chlor,Lib1_HB_Tn5_PA14_Chlor_C6,TGGCTAATTCCTA,AAGAGGCA
0,Lib1_HB_Tn5_PA14_Chlor,Lib1_HB_Tn5_PA14_Chlor_C7,TAGAAGGTCGTGA,AAGAGGCA
0,Lib1_HB_Tn5_PA14_Chlor,Lib1_HB_Tn5_PA14_Chlor_C8,TCGTGAGGGGGTA,AAGAGGCA
0,Lib1_HB_Tn5_PA14_Erythro,Lib1_HB_Tn5_PA14_Erythro_C9,TTAGGCTAAAGGC,AAGAGGCA
0,Lib1_HB_Tn5_PA14_Erythro,Lib1_HB_Tn5_PA14_Erythro_C10,TGAAGTGGCTTCC,AAGAGGCA
0,Lib1_HB_Tn5_PA14_Erythro,Lib1_HB_Tn5_PA14_Erythro_C11,TATCGCATAGCGC,AAGAGGCA
0,Lib1_HB_Tn5_PA14_Erythro,Lib1_HB_Tn5_PA14_Erythro_C12,TCTCCTAAGCTCC,AAGAGGCA
0,Lib1_HB_Tn5_PA14_Erythro,Lib1_HB_Tn5_PA14_Erythro_D1,TAAATCATGATTC,AAGAGGCA
0,Lib1_HB_Tn5_PA14_Erythro,Lib1_HB_Tn5_PA14_Erythro_D2,TCGCATACGGAAC,AAGAGGCA
0,Lib1_HB_Tn5_PA14_Erythro,Lib1_HB_Tn5_PA14_Erythro_D3,TTGCAGCCACAGC,AAGAGGCA
0,Lib1_HB_Tn5_PA14_Erythro,Lib1_HB_Tn5_PA14_Erythro_D4,TACCTGGTGCTTC,AAGAGGCA
0,Lib1_HB_Tn5_PA14_Cef,Lib1_HB_Tn5_PA14_Cef_D5,TGTTTTCATAAGC,AAGAGGCA
0,Lib1_HB_Tn5_PA14_Cef,Lib1_HB_Tn5_PA14_Cef_D6,TAAACTGAGATGC,AAGAGGCA
0,Lib1_HB_Tn5_PA14_Cef,Lib1_HB_Tn5_PA14_Cef_D7,TCAGTGCGCTGTC,AAGAGGCA
0,Lib1_HB_Tn5_PA14_Cef,Lib1_HB_Tn5_PA14_Cef_D8,TTGAGTGGGCCAC,AAGAGGCA
0,Lib1_HB_Tn5_PA14_Cef,Lib1_HB_Tn5_PA14_Cef_D9,TATTCTCTCAACC,AAGAGGCA
0,Lib1_HB_Tn5_PA14_Cef,Lib1_HB_Tn5_PA14_Cef_D10,TCCTCCTTTACGC,AAGAGGCA
0,Lib1_HB_Tn5_PA14_Cef,Lib1_HB_Tn5_PA14_Cef_D11,TAGAGAACTTTAC,AAGAGGCA
0,Lib1_HB_Tn5_PA14_Cef,Lib1_HB_Tn5_PA14_Cef_D12,TTACTACCAGGTC,AAGAGGCA
0,Lib1_HB_Tn5_PA14_Cyclo,Lib1_HB_Tn5_PA14_Cyclo_E1,CATTGCTACATCC,AAGAGGCA
0,Lib1_HB_Tn5_PA14_Cyclo,Lib1_HB_Tn5_PA14_Cyclo_E2,CGGAGTCACACGC,AAGAGGCA
0,Lib1_HB_Tn5_PA14_Cyclo,Lib1_HB_Tn5_PA14_Cyclo_E3,CCGGTGGAGCTCC,AAGAGGCA
0,Lib1_HB_Tn5_PA14_Cyclo,Lib1_HB_Tn5_PA14_Cyclo_E4,CTTCGGCCCAATC,AAGAGGCA
0,Lib1_HB_Tn5_PA14_Cyclo,Lib1_HB_Tn5_PA14_Cyclo_E5,CACGAGACACCCC,AAGAGGCA
0,Lib1_HB_Tn5_PA14_Cyclo,Lib1_HB_Tn5_PA14_Cyclo_E6,CGTCTAGACAAAC,AAGAGGCA
0,Lib1_HB_Tn5_PA14_Cyclo,Lib1_HB_Tn5_PA14_Cyclo_E7,CACCGTACGTTGC,AAGAGGCA
0,Lib1_HB_Tn5_PA14_Cyclo,Lib1_HB_Tn5_PA14_Cyclo_E8,CCTAACCCTCTCC,AAGAGGCA
0,Lib1_HB_Tn5_PA14_Cipro,Lib1_HB_Tn5_PA14_Cipro_E9,CTAGATTTAACTC,AAGAGGCA
0,Lib1_HB_Tn5_PA14_Cipro,Lib1_HB_Tn5_PA14_Cipro_E10,CAGATTAGAGTAC,AAGAGGCA
0,Lib1_HB_Tn5_PA14_Cipro,Lib1_HB_Tn5_PA14_Cipro_E11,CGGGACGTTTTCC,AAGAGGCA
0,Lib1_HB_Tn5_PA14_Cipro,Lib1_HB_Tn5_PA14_Cipro_E12,CTATACCAAGAAC,AAGAGGCA
0,Lib1_HB_Tn5_PA14_Cipro,Lib1_HB_Tn5_PA14_Cipro_F1,CCGGCGAGCCAGC,AAGAGGCA
0,Lib1_HB_Tn5_PA14_Cipro,Lib1_HB_Tn5_PA14_Cipro_F2,CATTTGAAAACGC,AAGAGGCA
0,Lib1_HB_Tn5_PA14_Cipro,Lib1_HB_Tn5_PA14_Cipro_F3,CCCCTTTCTGGAC,AAGAGGCA
0,Lib1_HB_Tn5_PA14_Cipro,Lib1_HB_Tn5_PA14_Cipro_F4,CTGACTGCAGCGC,AAGAGGCA
0,Lib1_HB_Tn5_PA14_Nal,Lib1_HB_Tn5_PA14_Nal_F5,CACGATCAAGTTG,AAGAGGCA
0,Lib1_HB_Tn5_PA14_Nal,Lib1_HB_Tn5_PA14_Nal_F6,CGAAATGCTGACG,AAGAGGCA
0,Lib1_HB_Tn5_PA14_Nal,Lib1_HB_Tn5_PA14_Nal_F7,CGCTACCTGAAGG,AAGAGGCA
0,Lib1_HB_Tn5_PA14_Nal,Lib1_HB_Tn5_PA14_Nal_F8,CAGGAACTACACG,AAGAGGCA
0,Lib1_HB_Tn5_PA14_Nal,Lib1_HB_Tn5_PA14_Nal_F9,CTCGGCCGGTCAG,AAGAGGCA
0,Lib1_HB_Tn5_PA14_Nal,Lib1_HB_Tn5_PA14_Nal_F10,CTTTTCCAGCGTG,AAGAGGCA
0,Lib1_HB_Tn5_PA14_Nal,Lib1_HB_Tn5_PA14_Nal_F11,CAATCGTAGCCGG,AAGAGGCA
0,Lib1_HB_Tn5_PA14_Nal,Lib1_HB_Tn5_PA14_Nal_F12,CGTAAACTACGAG,AAGAGGCA
0,Lib1_HB_Tn5_PA14_Lambda30,Lib1_HB_Tn5_PA14_Lambda30_G1,GACGAGTATCTGG,AAGAGGCA
0,Lib1_HB_Tn5_PA14_Lambda30,Lib1_HB_Tn5_PA14_Lambda30_G2,GCAAAGGGTGGTG,AAGAGGCA
0,Lib1_HB_Tn5_PA14_Lambda30,Lib1_HB_Tn5_PA14_Lambda30_G3,GTAGGTGAGAAAG,AAGAGGCA
0,Lib1_HB_Tn5_PA14_Lambda30,Lib1_HB_Tn5_PA14_Lambda30_G4,GAGCGGATTAGTG,AAGAGGCA
0,Lib1_HB_Tn5_PA14_Lambda30,Lib1_HB_Tn5_PA14_Lambda30_G5,GGTTTGTATGTCG,AAGAGGCA
0,Lib1_HB_Tn5_PA14_Lambda30,Lib1_HB_Tn5_PA14_Lambda30_G6,GAACACATCTGAG,AAGAGGCA
0,Lib1_HB_Tn5_PA14_Lambda30,Lib1_HB_Tn5_PA14_Lambda30_G7,GCTACCAATGACG,AAGAGGCA
0,Lib1_HB_Tn5_PA14_Lambda30,Lib1_HB_Tn5_PA14_Lambda30_G8,GTGAGGGCTCGGG,AAGAGGCA
0,Lib1_HB_Tn5_PA14_Lambda90,Lib1_HB_Tn5_PA14_Lambda90_G9,GAAATGTGTCGCG,AAGAGGCA
0,Lib1_HB_Tn5_PA14_Lambda90,Lib1_HB_Tn5_PA14_Lambda90_G10,GGCCCACACCGGG,AAGAGGCA
0,Lib1_HB_Tn5_PA14_Lambda90,Lib1_HB_Tn5_PA14_Lambda90_G11,GCCGGTAGCTCCG,AAGAGGCA
0,Lib1_HB_Tn5_PA14_Lambda90,Lib1_HB_Tn5_PA14_Lambda90_G12,GAAGAATTATGGG,AAGAGGCA
0,Lib1_HB_Tn5_PA14_Lambda90,Lib1_HB_Tn5_PA14_Lambda90_H1,GTCTCGTCATATG,AAGAGGCA
0,Lib1_HB_Tn5_PA14_Lambda90,Lib1_HB_Tn5_PA14_Lambda90_H2,GGACTTTTGGTCG,AAGAGGCA
0,Lib1_HB_Tn5_PA14_Lambda90,Lib1_HB_Tn5_PA14_Lambda90_H3,GATTTCGTTCCAG,AAGAGGCA
0,Lib1_HB_Tn5_PA14_Lambda90,Lib1_HB_Tn5_PA14_Lambda90_H4,GTCCCGGAGCCAG,AAGAGGCA
0,Lib1_HB_Tn5_PA14_Overnight,Lib1_HB_Tn5_PA14_Overnight_H5,GGGGGGCCGGACG,AAGAGGCA
0,Lib1_HB_Tn5_PA14_Overnight,Lib1_HB_Tn5_PA14_Overnight_H6,GACTACGTTTGGG,AAGAGGCA
0,Lib1_HB_Tn5_PA14_Overnight,Lib1_HB_Tn5_PA14_Overnight_H7,GCTTTAATCTAAG,AAGAGGCA
0,Lib1_HB_Tn5_PA14_Overnight,Lib1_HB_Tn5_PA14_Overnight_H8,GAGGCAAAAATCG,AAGAGGCA
0,Lib1_HB_Tn5_PA14_Overnight,Lib1_HB_Tn5_PA14_Overnight_H9,GTTTGATTCTCGG,AAGAGGCA
0,Lib1_HB_Tn5_PA14_Overnight,Lib1_HB_Tn5_PA14_Overnight_H10,GAGGGACATCGAG,AAGAGGCA
0,Lib1_HB_Tn5_PA14_Overnight,Lib1_HB_Tn5_PA14_Overnight_H11,GGATCCTTACCCG,AAGAGGCA
0,Lib1_HB_Tn5_PA14_Overnight,Lib1_HB_Tn5_PA14_Overnight_H12,GCGATCCTCGCGG,AAGAGGCA